Workbook

Sheet 24.01 (갑)
A2: ※ 2024년 1월 마감내역 ※
A7: 거래처 | B7: Invoice | C7: 면장번호 | D7: BL일자 | E7: 환율 | F7: 금액
F8: 외화금액 | G8: 원화환산금액 | H8: 전월금액 | I8: 증감액 | J8: 면장 | K8: Invoice | L8: B/L
A9: Allison | B9: DSM2401-AL01 | C9: 4107224500160X | D9: 45311 | E9: =VLOOKUP(D9,환율!$A$1798:$B$2033,2,) -> 1342.4 | F9: 385151.64 | G9: =ROUNDDOWN(F9*E9,0) -> 517027561 | J9: O | K9: O | L9: O
B10: DSM2401-AL02 | C10: 4107224500277X | D10: 45321 | E10: =VLOOKUP(D10,환율!$A$1798:$B$2033,2,) -> 1336.9 | F10: 402501.16 | G10: =ROUNDDOWN(F10*E10,0) -> 538103800 | J10: O | K10: O | L10: O
B11: DSM2401-AL03 | C11: 4107224500361X | D11: 45321 | E11: =VLOOKUP(D11,환율!$A$1798:$B$2033,2,) -> 1336.9 | F11: 406423.46 | G11: =ROUNDDOWN(F11*E11,0) -> 543347523 | J11: O | K11: O | L11: O
B12: DSM2401-AL04 | C12: 4107224500397X | D12: 45328 | E12: =VLOOKUP(D12,환율!$A$1798:$B$2033,2,) -> 1334.6 | F12: 199251.22 | G12: =ROUNDDOWN(F12*E12,0) -> 265920678 | J12: O | K12: O | L12: O
C13: 소계 | F13: =SUM(F9:F12) -> 1393327.5 | G13: =SUM(G9:G12) -> 1864399562 | H13: 1660278856 | I13: =+G13-H13 -> 204120706
A14: Polaris | B14: 2401P01 | C14: 4107224900077X | D14: 45312 | E14: =VLOOKUP(D14,환율!$A$1798:$B$2033,2,) -> 1342.4 | F14: 19674.63 | G14: =ROUNDDOWN(F14*E14,0) -> 26411223 | J14: O | K14: O | L14: O
B15: 2401P02 | C15: 4107224500018X | D15: 45299 | E15: =VLOOKUP(D15,환율!$A$1798:$B$2033,2,) -> 1313.7 | F15: 73041 | G15: =ROUNDDOWN(F15*E15,0) -> 95953961 | J15: O | K15: O | L15: O
B16: 2401P03 | C16: 4107224500005X | D16: 45302 | E16: =VLOOKUP(D16,환율!$A$1798:$B$2033,2,) -> 1320.1 | F16: 6482.88 | G16: =ROUNDDOWN(F16*E16,0) -> 8558049 | J16: O | K16: O | L16: O
B17: 2401P04 | C17: 4107224500122X | D17: 45310 | E17: =VLOOKUP(D17,환율!$A$1798:$B$2033,2,) -> 1342.4 | F17: 40017.78 | G17: =ROUNDDOWN(F17*E17,0) -> 53719867 | J17: O | K17: O | L17: O
B18: 2401P05 | C18: 4107224500195X | D18: 45312 | E18: =VLOOKUP(D18,환율!$A$1798:$B$2033,2,) -> 1342.4 | F18: 43.6 | G18: =ROUNDDOWN(F18*E18,0) -> 58528 | J18: O | K18: O | L18: O
B19: 2401P06 | C19: 4107224500196X | D19: 45312 | E19: =VLOOKUP(D19,환율!$A$1798:$B$2033,2,) -> 1342.4 | F19: 346.48 | G19: =ROUNDDOWN(F19*E19,0) -> 465114 | J19: O | K19: O | L19: O
B20: 2401P07 | C20: 4107224500197X | D20: 45312 | E20: =VLOOKUP(D20,환율!$A$1798:$B$2033,2,) -> 1342.4 | F20: 361.16 | G20: =ROUNDDOWN(F20*E20,0) -> 484821 | J20: O | K20: O | L20: O
B21: 2401P08 | C21: 4107224500237X | D21: 45317 | E21: =VLOOKUP(D21,환율!$A$1798:$B$2033,2,) -> 1335.7 | F21: 34925.46 | G21: =ROUNDDOWN(F21*E21,0) -> 46649936 | J21: O | K21: O | L21: O
B22: 2401P09 | C22: 4107224500306X | D22: 45321 | E22: =VLOOKUP(D22,환율!$A$1798:$B$2033,2,) -> 1336.9 | F22: 26256.96 | G22: =ROUNDDOWN(F22*E22,0) -> 35102929 | J22: O | K22: O | L22: O
B23: 2401P11 | C23: 4107224500307X | D23: 45321 | E23: =VLOOKUP(D23,환율!$A$1798:$B$2033,2,) -> 1336.9 | F23: 24685.2 | G23: =ROUNDDOWN(F23*E23,0) -> 33001643 | J23: O | K23: O | L23: O
B24: 2401P13 | C24: 4107224500308X | D24: 45321 | E24: =VLOOKUP(D24,환율!$A$1798:$B$2033,2,) -> 1336.9 | F24: 1628.64 | G24: =ROUNDDOWN(F24*E24,0) -> 2177328 | J24: O | K24: O | L24: O
B25: 2401P10 | C25: 4107224500363X | D25: 45325 | E25: =VLOOKUP(D25,환율!$A$1798:$B$2033,2,) -> 1332.5 | F25: 57911.04 | G25: =ROUNDDOWN(F25*E25,0) -> 77166460 | J25: O | K25: O | L25: O
B26: 2401P12 | C26: 4107224900220X | D26: 45327 | E26: =VLOOKUP(D26,환율!$A$1798:$B$2033,2,) -> 1325.1 | F26: 27779.76 | G26: =IFERROR(ROUNDDOWN(F26*E26,0),"") -> 36810959 | J26: O | K26: O
C27: 소계 | F27: =SUM(F14:F26) -> 313154.59 | G27: =SUM(G14:G26) -> 416560818 | H27: 331149003 | I27: =+G27-H27 -> 85411815
A28: Mercury | B28: DSM2401-01 | C28: 4107224500004X | D28: 45299 | E28: =VLOOKUP(D28,환율!$A$1798:$B$2033,2,) -> 1313.7 | F28: 63667.1 | G28: =ROUNDDOWN(F28*E28,0) -> 83639469 | J28: O | K28: O | L28: O
B29: DSM2401-02 | C29: 4107224500055X | D29: 45304 | E29: =VLOOKUP(D29,환율!$A$1798:$B$2033,2,) -> 1316 | F29: 97225.68 | G29: =ROUNDDOWN(F29*E29,0) -> 127948994 | J29: O | K29: O | L29: O
B30: DSM2401-03 | C30: 4107224500062X | D30: 45303 | E30: =VLOOKUP(D30,환율!$A$1798:$B$2033,2,) -> 1316 | F30: 119944.3 | G30: =ROUNDDOWN(F30*E30,0) -> 157846698 | J30: O | K30: O | L30: O
B31: DSM2401-04 | C31: 4107224500063X | D31: 45310 | E31: =VLOOKUP(D31,환율!$A$1798:$B$2033,2,) -> 1342.4 | F31: 26758.9 | G31: =ROUNDDOWN(F31*E31,0) -> 35921147 | J31: O | K31: O | L31: O
B32: DSM2401-05 | C32: 4107224500093X | D32: 45319 | E32: =VLOOKUP(D32,환율!$A$1798:$B$2033,2,) -> 1335.7 | F32: 3409.9 | G32: =ROUNDDOWN(F32*E32,0) -> 4554603 | J32: O | K32: O | L32: O
B33: DSM2401-06 | C33: 4107224500170X | D33: 45309 | E33: =VLOOKUP(D33,환율!$A$1798:$B$2033,2,) -> 1343.2 | F33: 112875.28 | G33: =ROUNDDOWN(F33*E33,0) -> 151614076 | J33: O | K33: O | L33: O
B34: DSM2401-07 | C34: 4107224500171X | D34: 45309 | E34: =VLOOKUP(D34,환율!$A$1798:$B$2033,2,) -> 1343.2 | F34: 7689.17 | G34: =ROUNDDOWN(F34*E34,0) -> 10328093 | J34: O | K34: O | L34: O
B35: DSM2401-08 | C35: 4107224500193X | D35: 45318 | E35: =VLOOKUP(D35,환율!$A$1798:$B$2033,2,) -> 1335.7 | F35: 79808.4 | G35: =ROUNDDOWN(F35*E35,0) -> 106600079 | J35: O | K35: O | L35: O
B36: DSM2401-09 | C36: 4107224500194X | D36: 45318 | E36: =VLOOKUP(D36,환율!$A$1798:$B$2033,2,) -> 1335.7 | F36: 76519.6 | G36: =ROUNDDOWN(F36*E36,0) -> 102207229 | J36: O | K36: O | L36: O
B37: DSM2401-10 | C37: 4107224500252X | D37: 45316 | E37: =VLOOKUP(D37,환율!$A$1798:$B$2033,2,) -> 1339.1 | F37: 121266.63 | G37: =ROUNDDOWN(F37*E37,0) -> 162388144 | J37: O | K37: O | L37: O
B38: DSM2401-11 | C38: 4107224500343X | D38: 45334 | E38: =VLOOKUP(D38,환율!$A$1798:$B$2033,2,) -> 1325.3 | F38: 63786.34 | G38: =ROUNDDOWN(F38*E38,0) -> 84536036 | J38: O | K38: O | L38: O
B39: DSM2401-12 | C39: 4107224500323X | D39: 45323 | E39: =VLOOKUP(D39,환율!$A$1798:$B$2033,2,) -> 1333.5 | F39: 5331.6 | G39: =ROUNDDOWN(F39*E39,0) -> 7109688 | J39: O | K39: O | L39: O
B40: DSM2401-13 | C40: 4107224500324X | D40: 45323 | E40: =VLOOKUP(D40,환율!$A$1798:$B$2033,2,) -> 1333.5 | F40: 99190.44 | G40: =ROUNDDOWN(F40*E40,0) -> 132270451 | J40: O | K40: O | L40: O
... B46: DSM2401-19 | C46: 4107224500425X | D46: 45343 | E46: =VLOOKUP(D46,환율!$A$1798:$B$2033,2,) -> 1337.9 | F46: 105721.14 | G46: =ROUNDDOWN(F46*E46,0) -> 141444313 | J46: O | K46: O | L46: O
C47: 소계 | F47: =SUM(F28:F46) -> 1253218.2 | G47: =SUM(G28:G46) -> 1667928419 | H47: 2445032253 | I47: =+G47-H47 -> -777103834
A48: Mercury China | B48: DSM2401-MC01 | C48: 4107224500028X | D48: 45297 | E48: =VLOOKUP(D48,환율!$A$1798:$B$2033,2,) -> 1310.2 | F48: 35599.17 | G48: =ROUNDDOWN(F48*E48,0) -> 46642032 | J48: O | K48: O | L48: O
B49: DSM2401-MC02 | C49: 4107224500123X | D49: 45304 | E49: =VLOOKUP(D49,환율!$A$1798:$B$2033,2,) -> 1316 | F49: 41768.76 | G49: =ROUNDDOWN(F49*E49,0) -> 54967688 | J49: O | K49: O | L49: O
B50: DSM2401-MC03 | C50: 4107224500234X | D50: 45313 | E50: =VLOOKUP(D50,환율!$A$1798:$B$2033,2,) -> 1336.5 | F50: 53517.24 | G50: =ROUNDDOWN(F50*E50,0) -> 71525791 | J50: O | K50: O | L50: O
C51: 소계 | F51: =SUM(F48:F50) -> 130885.17 | G51: =SUM(G48:G50) -> 173135511 | H51: 205751871 | I51: =+G51-H51 -> -32616360
A52: NorthStar | G52: =ROUNDDOWN(F52*E52,0) -> 0
F53: =SUM(F52:F52) -> 0 | G53: =SUM(G52) -> 0 | H53: 0 | I53: =+G53-H53 -> 0
A54: R&R | B54: DSM2312-R03 | C54: 4107224500456X | D54: 45338 | E54: =VLOOKUP(D54,환율!$A$1798:$B$1890,2,) -> 1333.2 | F54: =G54/E54 -> 29923.106 | G54: 39893485 | J54: 0 | K54: 0
B55: DSM2401-R01 | C55: 4107224400022X | D55: 45338 | E55: =VLOOKUP(D55,환율!$A$1798:$B$2033,2,) -> 1333.2 | F55: =G55/E55 -> 6151.2091 | G55: 8200792 | J55: O | K55: O
B56: DSM2401-R02 | C56: 4107224500426X | D56: 45325 | E56: =VLOOKUP(D56,환율!$A$1798:$B$2033,2,) -> 1332.5 | F56: =G56/E56 -> 361.98874 | G56: 482350 | J56: O | K56: O
B57: DSM2401-R03 | C57: 4107224500469X | D57: 45333 | E57: =VLOOKUP(D57,환율!$A$1798:$B$2033,2,) -> 1325.3 | F57: =G57/E57 -> 9333.5094 | G57: 12369700 | K57: O
C58: 소계 | F58: =SUM(F55:F57) -> 15846.707 | G58: =SUM(G54:G57) -> 60946327 | H58: 58564174 | I58: =+G58-H58 -> 2382153
A59: SAM | B59: DSM2401-SM01 | C59: 4112924010106X | D59: 45314 | E59: =VLOOKUP(D59,환율!$A$1798:$B$2033,2,) -> 1334.7 | F59: 39476 | G59: =ROUNDDOWN(F59*E59,0) -> 52688617 | J59: O | K59: O | L59: O
C60: 소계 | F60: =SUM(F59) -> 39476 | G60: =SUM(G59:G59) -> 52688617 | H60: 0 | I60: =+G60-H60 -> 52688617
A61: SEASTAR | B61: DSM2401-SE01 | C61: 4107224500417X | D61: 45329 | E61: =VLOOKUP(D61,환율!$A$1798:$B$2033,2,) -> 1329.6 | F61: 13947.3 | G61: =ROUNDDOWN(F61*E61,0) -> 18544330 | J61: O | K61: O | L61: O
C62: 소계 | F62: =SUM(F61) -> 13947.3 | G62: =SUM(G61:G61) -> 18544330 | H62: 14850985 | I62: =+G62-H62 -> 3693345
A63: KOHLER
C64: 소계 | F64: =SUM(F63:F63) -> 0 | G64: =SUM(G63:G63) -> 0 | I64: =+G64-H64 -> 0
A65: Emerson | B65: DSM2401-EM01 | C65: 4107224500031X | D65: 45295 | E65: =VLOOKUP(D65,환율!$A$1798:$B$2033,2,) -> 1308.8 | F65: 1120.54 | G65: =ROUNDDOWN(F65*E65,0) -> 1466562 | J65: O | K65: O | L65: O
B66: DSM2401-EM02 | C66: 4107224500032X | D66: 45295 | E66: =VLOOKUP(D66,환율!$A$1798:$B$2033,2,) -> 1308.8 | F66: 260.68 | G66: =ROUNDDOWN(F66*E66,0) -> 341177 | J66: O | K66: O | L66: O
B67: DSM2401-EM03 | C67: 4107224500033X | D67: 45295 | E67: =VLOOKUP(D67,환율!$A$1798:$B$2033,2,) -> 1308.8 | F67: 524.46 | G67: =ROUNDDOWN(F67*E67,0) -> 686413 | J67: O | K67: O | L67: O
B68: DSM2401-EM04 | C68: 4107224500034X | D68: 45295 | E68: =VLOOKUP(D68,환율!$A$1798:$B$2033,2,) -> 1308.8 | F68: 382.56 | G68: =ROUNDDOWN(F68*E68,0) -> 500694 | J68: O | K68: O | L68: O
B69: DSM2401-EM05 | C69: 4107224500081X | D69: 45302 | E69: =VLOOKUP(D69,환율!$A$1798:$B$2033,2,) -> 1320.1 | F69: 1118.74 | G69: =ROUNDDOWN(F69*E69,0) -> 1476848 | J69: O | K69: O | L69: O
B70: DSM2401-EM06 | C70: 4107224500082X | D70: 45302 | E70: =VLOOKUP(D70,환율!$A$1798:$B$2033,2,) -> 1320.1 | F70: 2968.01 | G70: =ROUNDDOWN(F70*E70,0) -> 3918070 | J70: O | K70: O | L70: O
B71: DSM2401-EM07 | C71: 4107224500086X | D71: 45303 | E71: =VLOOKUP(D71,환율!$A$1798:$B$2033,2,) -> 1316 | F71: 1366.55 | G71: =ROUNDDOWN(F71*E71,0) -> 1798379 | J71: O | K71: O | L71: O
B72: DSM2401-EM08 | C72: 4107224500087X | D72: 45303 | E72: =VLOOKUP(D72,환율!$A$1798:$B$2033,2,) -> 1316 | F72: 7592.34 | G72: =ROUNDDOWN(F72*E72,0) -> 9991519 | J72: O | K72: O | L72: O
B73: DSM2401-EM09 | C73: 4107224500094X | D73: 45307 | E73: =VLOOKUP(D73,환율!$A$1798:$B$2033,2,) -> 1319.3 | F73: 3722.7 | G73: =ROUNDDOWN(F73*E73,0) -> 4911358 | J73: O | K73: O | L73: O
B74: DSM2401-EM10 | C74: 4107224500172X | D74: 45303 | E74: =VLOOKUP(D74,환율!$A$1798:$B$2033,2,) -> 1316 | F74: 1495.95 | G74: =ROUNDDOWN(F74*E74,0) -> 1968670 | J74: O | K74: O | L74: O
B75: DSM2401-EM11 | C75: 4107224500173X | D75: 45303 | E75: =VLOOKUP(D75,환율!$A$1798:$B$2033,2,) -> 1316 | F75: 792.96 | G75: =ROUNDDOWN(F75*E75,0) -> 1043535 | J75: O | K75: O | L75: O
B76: DSM2401-EM12 | C76: 4107224500174X | D76: 45303 | E76: =VLOOKUP(D76,환율!$A$1798:$B$2033,2,) -> 1316 | F76: 510.08 | G76: =ROUNDDOWN(F76*E76,0) -> 671265 | J76: O | K76: O | L76: O
B77: DSM2401-EM13 | C77: 4107224900059X | D77: 45310 | E77: =VLOOKUP(D77,환율!$A$1798:$B$2033,2,) -> 1342.4 | F77: 546.62 | G77: =ROUNDDOWN(F77*E77,0) -> 733782 | J77: O | K77: O | L77: O
... B89: DSM2401-EM25 | C89: 4107224500368X | D89: 45321 | E89: =VLOOKUP(D89,환율!$A$1798:$B$2033,2,) -> 1336.9 | F89: 10067.52 | G89: =ROUNDDOWN(F89*E89,0) -> 13459267 | J89: O | K89: O | L89: O
F90: =SUM(F65:F89) -> 53192.28 | G90: =SUM(G65:G89) -> 70683459 | H90: 95733784 | I90: =+G90-H90 -> -25050325
A91: AMAT | B91: DSM2401-AM01 | C91: 2057624010159X | D91: 45303 | E91: =VLOOKUP(D91,환율!$A$1798:$B$2033,2,) -> 1316 | F91: 28564.32 | G91: =ROUNDDOWN(F91*E91,0) -> 37590645 | J91: O | K91: O | L91: O
B92: DSM2401-AM02 | C92: 2057624010123X | D92: 45304 | E92: =VLOOKUP(D92,환율!$A$1798:$B$2033,2,) -> 1316 | F92: 24489.63 | G92: =ROUNDDOWN(F92*E92,0) -> 32228353 | J92: O | K92: O | L92: O
B93: DSM2401-AM03 | C93: 2057624010549X | D93: 45328 | E93: =VLOOKUP(D93,환율!$A$1798:$B$2033,2,) -> 1334.6 | F93: 15963.21 | G93: =ROUNDDOWN(F93*E93,0) -> 21304500 | J93: O | K93: O | L93: O
F94: =SUM(F91:F93) -> 69017.16 | G94: =SUM(G91:G93) -> 91123498 | H94: 57260026 | I94: =+G94-H94 -> 33863472
A95: SINKO IND LTD (신코) | B95: DSM2401-SK01 | C95: 4107224500070X | D95: 45298 | E95: 9.0568 | F95: 10054021 | G95: =ROUNDDOWN(F95*E95,0) -> 91057257 | J95: O | K95: O | L95: O
B96: DSM2401-SK02 | C96: 4107224500185X | D96: 45305 | E96: 9.0624 | F96: 15509305 | G96: =ROUNDDOWN(F96*E96,0) -> 140551525 | J96: O | K96: O | L96: O
B97: DSM2401-SK03 | C97: 4107224500275X | D97: 45311 | E97: 9.0657 | F97: 18320605 | G97: =ROUNDDOWN(F97*E97,0) -> 166089108 | J97: O | K97: O | L97: O
B98: DSM2401-SK04 | C98: 4107224500370X | D98: 45319 | E98: 9.0504 | F98: 6569913 | G98: =ROUNDDOWN(F98*E98,0) -> 59460340 | J98: O | K98: O | L98: O
G99: =ROUNDDOWN(F99*E99,0) -> 0
G100: =ROUNDDOWN(F100*E100,0) -> 0
G101: =ROUNDDOWN(F101*E101,0) -> 0
G102: =ROUNDDOWN(F102*E102,0) -> 0
G103: =ROUNDDOWN(F103*E103,0) -> 0
G104: =ROUNDDOWN(F104*E104,0) -> 0
G105: =ROUNDDOWN(F105*E105,0) -> 0
G106: =ROUNDDOWN(F106*E106,0) -> 0
G107: =ROUNDDOWN(F107*E107,0) -> 0
G108: =ROUNDDOWN(F108*E108,0) -> 0
G109: =ROUNDDOWN(F109*E109,0) -> 0
C110: 소계 | F110: =SUM(F95:F109) -> 50453844 | G110: =SUM(G95:G109) -> 457158230 | H110: 580478746 | I110: =+G110-H110 -> -123320516
A111: JS TECH
C112: 소계 | F112: =SUM(F111) -> 0 | G112: =SUM(G111) -> 0 | H112: 0 | I112: =+G112-H112 -> 0
E113: 총계 | F113: 물품대 | G113: =+G115-G114 -> 4873168771 | H113: 4599808180 | I113: =+G113-H113 -> 273360591
A114: 구분 | B114: 이월금액 | C114: 구분 | D114: 이월금액 | F114: Tooling외 | G114: 0 | H114: 849291518 | I114: =+G114-H114 -> -849291518
A115: Allison | B115: =G12 -> 265920678 | C115: NIKKISO | D115: 0 | F115: 합계 | G115: =+G110+G94+G90+G62+G60+G58+G51+G47+G27+G13 -> 4873168771 | H115: 5449099698 | I115: =+G115-H115 -> -575930927
A116: Polaris | B116: =SUM(G25:G26) -> 113977419 | C116: SEASTAR | D116: =G61 -> 18544330 | E116: 구분 | F116: 12월 이월분 | G116: 01월 당월분 | H116: 2월 이월분 | I116: 국외 매출 최종
A117: Mercury | B117: =IFERROR(SUM(G38:G46),"") -> 724879887 | C117: Emerson | D117: 0 | E117: 창원공장 | F117: 119487228 | G117: =SUM(G95:G107) -> 457158230 | H117: =SUM(G108:G109) -> 0 | I117: =SUM(F117:G117) -> 576645458
A118: Mercury China | B118: 0 | C118: AMAT | D118: =G93 -> 21304500 | E118: 마산1공장 | F118: 764387691 | G118: =SUM(G48:G50,G28:G37,G14:G24) -> 1418767442 | H118: =SUM(G38:G46,G25:G26,G54:G57,G61) -> 918347963 | I118: =SUM(F118:G118) -> 2183155133
A119: NorthStar | B119: 0 | C119: SAM | D119: 0 | E119: 마산2공장 | F119: 545651845 | G119: =SUM(G9:G11) -> 1598478884 | H119: =G12 -> 265920678 | I119: =SUM(F119:G119) -> 2144130729
A120: R&R | B120: =SUM(G55:G57) -> 21052842 | C120: SHINKO IND LTD | D120: =SUM(G108:G109) -> 0 | E120: 마산3공장 | F120: 34060342 | G120: =SUM(G91:G92,G67:G89,G65:G66)+G59 -> 193191074 | H120: =SUM(G93) -> 21304500 | I120: =SUM(F120:G120) -> 227251416
A121: 기타 | B121: 0 | E121: 수출재수입
...

Sheet 24.02 (갑)
A6: ※ 2024년 2월 마감내역 ※
A11: 거래처 | B11: Invoice | C11: 면장번호 | D11: BL일자 | E11: 환율 | F11: 금액
F12: 외화금액 | G12: 원화환산금액 | H12: 전월금액 | I12: 증감액 | J12: 면장 | K12: Invoice | L12: B/L
A13: Allison | B13: DSM2402-AL01 | C13: 4107224500486X | D13: 45340 | E13: =VLOOKUP(D13,환율!$A$1798:$B$2033,2,) -> 1333.2 | F13: 427795.16 | G13: =ROUNDDOWN(F13*E13,0) -> 570336507
B14: DSM2402-AL02 | C14: 4107224200041X | D14: 45349 | E14: =VLOOKUP(D14,환율!$A$1798:$B$2033,2,) -> 1331.4 | F14: 456352.9 | G14: =ROUNDDOWN(F14*E14,0) -> 607588251
B15: DSM2402-AL03 | C15: 4107224500626X | D15: 45353 | E15: =VLOOKUP(D15,환율!$A$1798:$B$2033,2,) -> 1334 | F15: 162496.4 | G15: =ROUNDDOWN(F15*E15,0) -> 216770197
B16: DSM2402-AL04 | C16: 4107224500662X | D16: 45354 | E16: =VLOOKUP(D16,환율!$A$1798:$B$2033,2,) -> 1334 | F16: 377546.7 | G16: =ROUNDDOWN(F16*E16,0) -> 503647297
C17: 소계 | F17: =SUM(F13:F16) -> 1424191.2 | G17: =SUM(G13:G16) -> 1898342252 | H17: 1864399562 | I17: =+G17-H17 -> 33942690
A18: Polaris | B18: 2402P01 | C18: 4107224500460X | D18: 45335 | E18: =VLOOKUP(D18,환율!$A$1798:$B$2033,2,) -> 1327.2 | F18: 65163.84 | G18: =ROUNDDOWN(F18*E18,0) -> 86485448
B19: 2402P02 | C19: 4107224500454X | D19: 45342 | E19: =VLOOKUP(D19,환율!$A$1798:$B$2033,2,) -> 1333.8 | F19: 8955.36 | G19: =ROUNDDOWN(F19*E19,0) -> 11944659
B20: 2402P03 | C20: 4107224500497X | D20: 45343 | E20: =VLOOKUP(D20,환율!$A$1798:$B$2033,2,) -> 1337.9 | F20: 48073.59 | G20: =ROUNDDOWN(F20*E20,0) -> 64317656
B21: 2402P04 | C21: 4107224500556X | D21: 45349 | E21: =VLOOKUP(D21,환율!$A$1798:$B$2033,2,) -> 1331.4 | F21: 55628.16 | G21: =ROUNDDOWN(F21*E21,0) -> 74063332
B22: 2402P05 | C22: 4107224500498X | D22: 45343 | E22: =VLOOKUP(D22,환율!$A$1798:$B$2033,2,) -> 1337.9 | F22: 234 | G22: =ROUNDDOWN(F22*E22,0) -> 313068
B23: 2402P06 | C23: 4107224500587X | D23: 45353 | E23: =VLOOKUP(D23,환율!$A$1798:$B$2033,2,) -> 1334 | F23: 25847.91 | G23: =ROUNDDOWN(F23*E23,0) -> 34481111
B24: 2402P07 | C24: 4107224500588X | D24: 45353 | E24: =VLOOKUP(D24,환율!$A$1798:$B$2033,2,) -> 1334 | F24: 622.5 | G24: =ROUNDDOWN(F24*E24,0) -> 830415
B25: 2402P08 | C25: 4107224500460X | D25: 45360 | E25: =VLOOKUP(D25,환율!$A$1798:$B$2033,2,) -> 1329.6 | F25: 48187.92 | G25: =ROUNDDOWN(F25*E25,0) -> 64070658
B26: 2402P09 | C26: 4107224500589X | D26: 45353 | E26: =VLOOKUP(D26,환율!$A$1798:$B$2033,2,) -> 1334 | F26: 116.78 | G26: =ROUNDDOWN(F26*E26,0) -> 155784
B27: 2402P10 | C27: 4107224500590X | D27: 45353 | E27: =VLOOKUP(D27,환율!$A$1798:$B$2033,2,) -> 1334 | F27: 828.08 | G27: =ROUNDDOWN(F27*E27,0) -> 1104658
B28: 2402P01TC | D28: 45351 | E28: =VLOOKUP(D28,환율!$A$1798:$B$2033,2,) -> 1334 | F28: 1947 | G28: =ROUNDDOWN(F28*E28,0) -> 2597298
B29: 2402P02TC | D29: 45351 | E29: =VLOOKUP(D29,환율!$A$1798:$B$2033,2,) -> 1334 | F29: 10560 | G29: =ROUNDDOWN(F29*E29,0) -> 14087040
B30: 2402P03TC | D30: 45351 | E30: =VLOOKUP(D30,환율!$A$1798:$B$2033,2,) -> 1334 | F30: 10560 | G30: =ROUNDDOWN(F30*E30,0) -> 14087040
C31: 소계 | F31: =SUM(F18:F30) -> 276725.14 | G31: =SUM(G18:G30) -> 368538167 | H31: 416560818 | I31: =+G31-H31 -> -48022651
A32: Mercury | B32: DSM2402-01 | C32: 4107224500442X | D32: 45332 | E32: =VLOOKUP(D32,환율!$A$1798:$B$2033,2,) -> 1325.3 | F32: 94449.6 | G32: =ROUNDDOWN(F32*E32,0) -> 125174054
B33: DSM2402-02 | C33: 4107224500482X | D33: 45338 | E33: =VLOOKUP(D33,환율!$A$1798:$B$2033,2,) -> 1333.2 | F33: 104611.2 | G33: =ROUNDDOWN(F33*E33,0) -> 139467651
B34: DSM2402-03 | C34: 4107224500487X | D34: 45343 | E34: =VLOOKUP(D34,환율!$A$1798:$B$2033,2,) -> 1337.9 | F34: 83955.2 | G34: =ROUNDDOWN(F34*E34,0) -> 112323662
B35: DSM2402-04 | C35: 4107224500502X | D35: 45342 | E35: =VLOOKUP(D35,환율!$A$1798:$B$2033,2,) -> 1333.8 | F35: 84099.84 | G35: =ROUNDDOWN(F35*E35,0) -> 112172366
B36: DSM2402-05 | C36: 4107224500508X | D36: 45344 | E36: =VLOOKUP(D36,환율!$A$1798:$B$2033,2,) -> 1335 | F36: 20403.08 | G36: =ROUNDDOWN(F36*E36,0) -> 27238111
B37: DSM2402-06 | C37: 4107224500539X | D37: 45349 | E37: =VLOOKUP(D37,환율!$A$1798:$B$2033,2,) -> 1331.4 | F37: 83955.2 | G37: =ROUNDDOWN(F37*E37,0) -> 111777953
B38: DSM2402-08 | C38: 4107224500517X | D38: 45342 | E38: =VLOOKUP(D38,환율!$A$1798:$B$2033,2,) -> 1333.8 | F38: 5342.4 | G38: =ROUNDDOWN(F38*E38,0) -> 7125693
B39: DSM2402-09 | C39: 4107224500586X | D39: 45349 | E39: =VLOOKUP(D39,환율!$A$1798:$B$2033,2,) -> 1331.4 | F39: 87022.22 | G39: =ROUNDDOWN(F39*E39,0) -> 115861383
B40: DSM2402-10 | C40: 4107224500518X | D40: 45342 | E40: =VLOOKUP(D40,환율!$A$1798:$B$2033,2,) -> 1333.8 | F40: 86707.6 | G40: =ROUNDDOWN(F40*E40,0) -> 115650596
B41: DSM2402-11 | C41: 4107224400086X | D41: 45337 | E41: =VLOOKUP(D41,환율!$A$1798:$B$2033,2,) -> 1336.9 | F41: 1042 | G41: =IFERROR(ROUNDDOWN(F41*E41,0),"") -> 1393049
B42: DSM2402-PS01 | C42: 4107224500491X | D42: 45330 | E42: =VLOOKUP(D42,환율!$A$1798:$B$2033,2,) -> 1325.3 | F42: 69.87 | G42: =IFERROR(ROUNDDOWN(F42*E42,0),"") -> 92598
B43: DSM2402-07 | C43: 4107224200061X | D43: 45355 | E43: =VLOOKUP(D43,환율!$A$1798:$B$2033,2,) -> 1334.1 | F43: 9516 | G43: =ROUNDDOWN(F43*E43,0) -> 12695295
B44: DSM2402-04-01 | C44: 4107224500502X | D44: 45357 | E44: =VLOOKUP(D44,환율!$A$1798:$B$2033,2,) -> 1333.2 | F44: 60489.1 | G44: =ROUNDDOWN(F44*E44,0) -> 80644068 | K44: 필요
B45: DSM2402-12 | C45: 4107224200083X | D45: 45352 | E45: =VLOOKUP(D45,환율!$A$1798:$B$2033,2,) -> 1334 | F45: 131942.84 | G45: =IFERROR(ROUNDDOWN(F45*E45,0),"") -> 176011748
B46: DSM2402-13 | C46: 4107224500628X | D46: 45359 | E46: =VLOOKUP(D46,환율!$A$1798:$B$2033,2,) -> 1329.6 | F46: 72804 | G46: =IFERROR(ROUNDDOWN(F46*E46,0),"") -> 96800198
B47: DSM2402-14 | C47: 4107224500646X | D47: 45357 | E47: =VLOOKUP(D47,환율!$A$1798:$B$2033,2,) -> 1333.2 | F47: 100359.8 | G47: =IFERROR(ROUNDDOWN(F47*E47,0),"") -> 133799685
B48: DSM2402-15 | C48: 4107224500717X | D48: 45369 | E48: =VLOOKUP(D48,환율!$A$1798:$B$2033,2,) -> 1328.4 | F48: 2786.4 | G48: =IFERROR(ROUNDDOWN(F48*E48,0),"") -> 3701453
C49: 소계 | F49: =SUM(F32:F48) -> 1029556.3 | G49: =SUM(G32:G48) -> 1371929563 | H49: 1667928419 | I49: =+G49-H49 -> -295998856
A50: Mercury China | B50: DSM2402-MC01 | C50: 4107224500398X | D50: 45325 | E50: =VLOOKUP(D50,환율!$A$1798:$B$2033,2,) -> 1332.5 | F50: 12315.48 | G50: =ROUNDDOWN(F50*E50,0) -> 16410377
B51: DSM2402-MC02 | C51: 4107224400066X | D51: 45338 | E51: =VLOOKUP(D51,환율!$A$1798:$B$2033,2,) -> 1333.2 | F51: 63550.92 | G51: =ROUNDDOWN(F51*E51,0) -> 84726086
B52: DSM2402-MC03 | C52: 4107224500629X | D52: 45355 | E52: =VLOOKUP(D52,환율!$A$1798:$B$2033,2,) -> 1334.1 | F52: 64404 | G52: =ROUNDDOWN(F52*E52,0) -> 85921376
C53: 소계 | F53: =SUM(F50:F52) -> 140270.4 | G53: =SUM(G50:G52) -> 187057839 | H53: 173135511 | I53: =+G53-H53 -> 13922328
A54: R&R | B54: DSM2402-R01 | C54: 4107224500930x | D54: 45374 | E54: =VLOOKUP(D54,환율!$A$1798:$B$2033,2,) -> 1326.3 | F54: =G54/E54 -> 3555.7717 | G54: 4716020
C55: 소계 | F55: =SUM(F54:F54) -> 3555.7717 | G55: =SUM(G54:G54) -> 4716020 | H55: 60946327 | I55: =+G55-H55 -> -56230307
A56: SAM | B56: DSM2402-SM01 | C56: 4112924020001X | D56: 45331 | E56: =VLOOKUP(D56,환율!$A$1798:$B$2033,2,) -> 1325.3 | F56: 39476 | G56: =ROUNDDOWN(F56*E56,0) -> 52317542
B57: DSM2402-SM02 | C57: 4112924030003X | D57: 45364 | E57: =VLOOKUP(D57,환율!$A$1798:$B$2033,2,) -> 1311.1 | F57: 39476 | G57: =ROUNDDOWN(F57*E57,0) -> 51756983
C58: 소계 | F58: =SUM(F56:F57) -> 78952 | G58: =SUM(G56:G57) -> 104074525 | H58: 52688617 | I58: =+G58-H58 -> 51385908
A59: SEASTAR | B59: DSM2402-SE01 | C59: 4107224500657X | D59: 45357 | E59: =VLOOKUP(D59,환율!$A$1798:$B$2033,2,) -> 1333.2 | F59: 11334.9 | G59: =ROUNDDOWN(F59*E59,0) -> 15111688
C60: 소계 | F60: =SUM(F59) -> 11334.9 | G60: =SUM(G59:G59) -> 15111688 | H60: 18544330 | I60: =+G60-H60 -> -3432642
A61: Emerson | B61: DSM2402-EM01 | C61: 4107224900221X | D61: 45324 | E61: =VLOOKUP(D61,환율!$A$1798:$B$2033,2,) -> 1332.5 | F61: 1832.06 | G61: =ROUNDDOWN(F61*E61,0) -> 2441219
B62: DSM2402-EM02 | C62: 4107224500440X | D62: 45327 | E62: =VLOOKUP(D62,환율!$A$1798:$B$2033,2,) -> 1325.1 | F62: 1585.92 | G62: =ROUNDDOWN(F62*E62,0) -> 2101502
B63: DSM2402-EM03 | C63: 4107224500441X | D63: 45327 | E63: =VLOOKUP(D63,환율!$A$1798:$B$2033,2,) -> 1325.1 | F63: 546.62 | G63: =ROUNDDOWN(F63*E63,0) -> 724326
B64: DSM2402-EM04 | C64: 4107224500472X | D64: 45330 | E64: =VLOOKUP(D64,환율!$A$1798:$B$2033,2,) -> 1325.3 | F64: 165.27 | G64: =ROUNDDOWN(F64*E64,0) -> 219032
B65: DSM2402-EM05 | C65: 4107224500418X | D65: 45323 | E65: =VLOOKUP(D65,환율!$A$1798:$B$2033,2,) -> 1333.5 | F65: 1594.68 | G65: =ROUNDDOWN(F65*E65,0) -> 2126505
B66: DSM2402-EM06 | C66: 4107224400064X | D66: 45348 | E66: =VLOOKUP(D66,환율!$A$1798:$B$2033,2,) -> 1329.3 | F66: 6380.16 | G66: =ROUNDDOWN(F66*E66,0) -> 8481146
B67: DSM2402-EM07 | C67: 4107224400065X | D67: 45349 | E67: =VLOOKUP(D67,환율!$A$1798:$B$2033,2,) -> 1331.4 | F67: 3471.41 | G67: =ROUNDDOWN(F67*E67,0) -> 4621835
B68: DSM2402-EM08 | C68: 4107224500499X | D68: 45335 | E68: =VLOOKUP(D68,환율!$A$1798:$B$2033,2,) -> 1327.2 | F68: 357.36 | G68: =ROUNDDOWN(F68*E68,0) -> 474288
B69: DSM2402-EM09 | C69: 4107224500500X | D69: 45335 | E69: =VLOOKUP(D69,환율!$A$1798:$B$2033,2,) -> 1327.2 | F69: 1571.21 | G69: =ROUNDDOWN(F69*E69,0) -> 2085309
B70: DSM2402-EM10 | C70: 4107224400073X | D70: 45338 | E70: =VLOOKUP(D70,환율!$A$1798:$B$2033,2,) -> 1333.2 | F70: 7050.57 | G70: =ROUNDDOWN(F70*E70,0) -> 9399819
B71: DSM2402-EM11 | C71: 4107224400074X | D71: 45341 | E71: =VLOOKUP(D71,환율!$A$1798:$B$2033,2,) -> 1333 | F71: 1802.14 | G71: =ROUNDDOWN(F71*E71,0) -> 2402252
B72: DSM2402-EM12 | C72: 4107224500553X | D72: 45342 | E72: =VLOOKUP(D72,환율!$A$1798:$B$2033,2,) -> 1333.8 | F72: 5307.94 | G72: =ROUNDDOWN(F72*E72,0) -> 7079730
B73: DSM2402-EM13 | C73: 4107224500554X | D73: 45342 | E73: =VLOOKUP(D73,환율!$A$1798:$B$2033,2,) -> 1333.8 | F73: 846.99 | G73: =ROUNDDOWN(F73*E73,0) -> 1129715
... B78: DSM2402-EM18 | C78: 4107224500631X | D78: 45356 | E78: =VLOOKUP(D78,환율!$A$1798:$B$2033,2,) -> 1330.1 | F78: 22877.12 | G78: =ROUNDDOWN(F78*E78,0) -> 30428857
F79: =SUM(F61:F78) -> 64867.6 | G79: =SUM(G61:G78) -> 86359528 | H79: 70683459 | I79: =+G79-H79 -> 15676069
A80: AMAT | B80: DSM2402-AM01 | C80: 2057624020310X | D80: 45346 | E80: =VLOOKUP(D80,환율!$A$1798:$B$2033,2,) -> 1331 | F80: 2721.07 | G80: =ROUNDDOWN(F80*E80,0) -> 3621744
B81: DSM2402-AM02 | C81: 2057624020450X | D81: 45352 | E81: =VLOOKUP(D81,환율!$A$1798:$B$2033,2,) -> 1334 | F81: 27794.87 | G81: =ROUNDDOWN(F81*E81,0) -> 37078356
B82: DSM2402-AM03 | C82: 2057624020553X | D82: 45358 | E82: =VLOOKUP(D82,환율!$A$1798:$B$2033,2,) -> 1335.7 | F82: 16326.42 | G82: =ROUNDDOWN(F82*E82,0) -> 21807199
F83: =SUM(F80:F82) -> 46842.36 | G83: =SUM(G80:G82) -> 62507299 | H83: 91123498 | I83: =+G83-H83 -> -28616199
A84: SINKO IND LTD (신코) | B84: DSM2401-SK05 | C84: 4107224500070X | D84: 45324 | E84: 9.1024 | F84: 5522324 | G84: =ROUNDDOWN(F84*E84,0) -> 50266401 | J84: O | K84: O | L84: O
B85: DSM2402-SK01 | C85: 4107224500493X | D85: 45333 | E85: 8.952 | F85: 13292188 | G85: =ROUNDDOWN(F85*E85,0) -> 118991666
B86: DSM2402-SK02 | C86: 4107224500538X | D86: 45341 | E86: 8.8805 | F86: 17294902 | G86: =ROUNDDOWN(F86*E86,0) -> 153587377
B87: DSM2402-SK03 | C87: 4107224200093X | D87: 45348 | E87: 8.8311 | F87: 12740560 | G87: =ROUNDDOWN(F87*E87,0) -> 112513159
B88: DSM2402-SK04 | C88: 4107224500600X | D88: 45350 | E88: 8.8473 | F88: 7217070 | G88: =ROUNDDOWN(F88*E88,0) -> 63851583
C89: 소계 | F89: =SUM(F84:F88) -> 56067044 | G89: =SUM(G84:G88) -> 499210186 | H89: 457158230 | I89: =+G89-H89 -> 42051956
A90: ATLAS COPCO | B90: DSM2402-AT01 | D90: 45330 | E90: =VLOOKUP(D90,환율!$A$1798:$B$2033,2,) -> 1325.3 | F90: =G90/E90 -> 3144.5409 | G90: 4167460
B91: DSM2402-AT02 | D91: 45348 | E91: =VLOOKUP(D91,환율!$A$1798:$B$2033,2,) -> 1329.3 | F91: =G91/E91 -> 3135.0786 | G91: 4167460
B92: DSM2402-AT03 | D92: 45348 | E92: =VLOOKUP(D92,환율!$A$1798:$B$2033,2,) -> 1329.3 | F92: =G92/E92 -> 17813.165 | G92: 23679040
C93: 소계 | F93: =SUM(F90:F92) -> 24092.784 | G93: =SUM(G90:G92) -> 32013960 | H93: 0 | I93: =+G93-H93 -> 32013960
E94: 총계 | F94: 물품대 | G94: =+G96-G95 -> 4599089649 | H94: 4873168771 | I94: =+G94-H94 -> -274079122
A95: 구분 | B95: 이월금액 | C95: 구분 | D95: 이월금액 | F95: Tooling외 | G95: =SUM(G28:G30) -> 30771378 | H95: 0 | I95: =+G95-H95 -> 30771378
A96: Allison | B96: =SUM(G15:G16) -> 720417494 | C96: NIKKISO | D96: 0 | F96: 합계 | G96: =+G89+G83+G79+G60+G58+G55+G53+G49+G31+G17+G93 -> 4629861027 | H96: 4873168771 | I96: =+G96-H96 -> -243307744
A97: Polaris | B97: =SUM(G23:G27) -> 100642626 | C97: SEASTAR | D97: =SUM(G59) -> 15111688 | E97: 구분 | F97: 1월 이월분 | G97: 02월 당월분 | H97: 3월 이월분 | I97: 국외 매출 최종
A98: Mercury | B98: =SUM(G43:G48) -> 503652447 | C98: Emerson | D98: =SUM(G75:G78) -> 42902764 | E98: 창원공장 | F98: 0 | G98: =SUM(G84:G88) -> 499210186 | H98: 0 | I98: =SUM(F98:G98) -> 499210186
A99: Mercury China | B99: =SUM(G52) -> 85921376 | C99: AMAT | D99: =SUM(G81:G82) -> 58885555 | E99: 마산1공장 | F99: 918347963 | G99: =SUM(G18:G22,G28:G30,G32:G42,G50:G51) -> 1237309120 | H99: =SUM(G23:G27,G43:G48,G52,G54,G59) -> 710044157 | I99: =SUM(F99:G99) -> 2155657083
A100: NorthStar | B100: 0 | C100: SAM | D100: =SUM(G57) -> 51756983 | E100: 마산2공장 | F100: 265920678 | G100: =SUM(G13:G14) -> 1177924758 | H100: =SUM(G15:G16) -> 720417494 | I100: =SUM(F100:G100) -> 1443845436
A101: R&R | B101: =SUM(G54) -> 4716020 | C101: SHINKO IND LTD | D101: 0 | E101: 마산3공장 | F101: 21304500 | G101: =SUM(G56,G61:G74,G80) -> 99396050 | H101: =SUM(G81:G82,G75:G78,G57) -> 153545302 | I101: =SUM(F101:G101) -> 120700550
A102: 기타 | B102: 0 | E102: 과세매출 | G102: =SUM(G90:G92) -> 32013960 | I102: =SUM(F102:G102) -> 32013960
B103: 합계 | D103: =SUM(B96:B101,D96:D101) -> 1584006953 | E103: 총계 | F103: =SUM(F98:F101) -> 1205573141 | G103: =SUM(G98:G102) -> 3045854074 | H103: =SUM(H98:H102) -> 1584006953 | I103: =+F103+G103 -> 4251427215

Sheet 24.03 (갑)
A6: ※ 2024년 3월 마감내역 ※
A11: 거래처 | B11: Invoice | C11: 면장번호 | D11: BL일자 | E11: 환율 | F11: 금액
F12: 외화금액 | G12: 원화환산금액 | H12: 전월금액 | I12: 증감액
A13: Allison | B13: DSM2403-AL01 | C13: 4107224500837X | D13: 45373 | E13: =VLOOKUP(D13,환율!$A$1798:$B$2033,2,) -> 1326.3 | F13: 371806.66 | G13: =ROUNDDOWN(F13*E13,0) -> 493127173
B14: DSM2403-AL02 | C14: 4107224500938X | D14: 45381 | E14: =VLOOKUP(D14,환율!$A$1798:$B$2033,2,) -> 1346.8 | F14: 394934.62 | G14: =ROUNDDOWN(F14*E14,0) -> 531897946
B15: DSM2403-AL03 | C15: 4107224501009X | D15: 45388 | E15: =VLOOKUP(D15,환율!$A$1798:$B$2033,2,) -> 1346.8 | F15: 469459.26 | G15: =ROUNDDOWN(F15*E15,0) -> 632267731
C16: 소계 | F16: =SUM(F13:F15) -> 1236200.5 | G16: =SUM(G13:G15) -> 1657292850 | H16: 1898342252 | I16: =+G16-H16 -> -241049402
A17: Polaris | B17: 2403P01 | C17: 4107224500910X | D17: 45382 | E17: =VLOOKUP(D17,환율!$A$1798:$B$2033,2,) -> 1346.8 | F17: 37413.84 | G17: =ROUNDDOWN(F17*E17,0) -> 50388959
B18: 2403P02 | C18: 4107224500651X | D18: 45359 | E18: =VLOOKUP(D18,환율!$A$1798:$B$2033,2,) -> 1329.6 | F18: 26809.92 | G18: =ROUNDDOWN(F18*E18,0) -> 35646469
B19: 2403P03 | C19: 4107224500652X | D19: 45359 | E19: =VLOOKUP(D19,환율!$A$1798:$B$2033,2,) -> 1329.6 | F19: 117 | G19: =ROUNDDOWN(F19*E19,0) -> 155563
B20: 2403P04 | C20: 4107224500653X | D20: 45359 | E20: =VLOOKUP(D20,환율!$A$1798:$B$2033,2,) -> 1329.6 | F20: 419.46 | G20: =ROUNDDOWN(F20*E20,0) -> 557714
B21: 2403P06 | C21: 4107224500759X | D21: 45369 | E21: =VLOOKUP(D21,환율!$A$1798:$B$2033,2,) -> 1328.4 | F21: 13014.72 | G21: =ROUNDDOWN(F21*E21,0) -> 17288754
B22: 2403P07 | C22: 4107224500857X | D22: 45376 | E22: =VLOOKUP(D22,환율!$A$1798:$B$2033,2,) -> 1336.1 | F22: 8877.6 | G22: =ROUNDDOWN(F22*E22,0) -> 11861361
B23: 2403P08 | C23: 4107224500858X | D23: 45376 | E23: =VLOOKUP(D23,환율!$A$1798:$B$2033,2,) -> 1336.1 | F23: 545.4 | G23: =ROUNDDOWN(F23*E23,0) -> 728708
B24: 2403P10 | C24: 4107224500859X | D24: 45376 | E24: =VLOOKUP(D24,환율!$A$1798:$B$2033,2,) -> 1336.1 | F24: 1092.3 | G24: =ROUNDDOWN(F24*E24,0) -> 1459422
B25: 2403P11 | C25: 4107224500860X | D25: 45376 | E25: =VLOOKUP(D25,환율!$A$1798:$B$2033,2,) -> 1336.1 | F25: 201.96 | G25: =ROUNDDOWN(F25*E25,0) -> 269838
B26: 2403P05 | C26: 4107224500975X | D26: 45395 | E26: 1349.1 | F26: 31222.8 | G26: 42122679
B27: 2403P09 | C27: 4107224501045X | D27: 45395 | E27: 1349.1 | F27: 95018.16 | G27: 128188999
B28: 2403P12 | C28: 4107224500974X | D28: 45383 | E28: =VLOOKUP(D28,환율!$A$1798:$B$2033,2,) -> 1347.4 | F28: 36154.08 | G28: =ROUNDDOWN(F28*E28,0) -> 48714007
C29: 소계 | F29: =SUM(F17:F28) -> 250887.24 | G29: =SUM(G17:G28) -> 337382473 | H29: 368538167 | I29: =+G29-H29 -> -31155694
A30: Mercury | B30: DSM2403-01 | C30: 4107224500647X | D30: 45357 | E30: =VLOOKUP(D30,환율!$A$1798:$B$2033,2,) -> 1333.2 | F30: 102904.2 | G30: =ROUNDDOWN(F30*E30,0) -> 137191879
B31: DSM2403-02 | C31: 4107224500685X | D31: 45363 | E31: =VLOOKUP(D31,환율!$A$1798:$B$2033,2,) -> 1314.4 | F31: 34203.6 | G31: =ROUNDDOWN(F31*E31,0) -> 44957211
B32: DSM2403-03 | C32: 4107224500718X | D32: 45369 | E32: =VLOOKUP(D32,환율!$A$1798:$B$2033,2,) -> 1328.4 | F32: 83243.2 | G32: =ROUNDDOWN(F32*E32,0) -> 110580266
B33: DSM2403-04 | C33: 4107224500736X | D33: 45365 | E33: =VLOOKUP(D33,환율!$A$1798:$B$2033,2,) -> 1312.8 | F33: 96886.36 | G33: =ROUNDDOWN(F33*E33,0) -> 127192413
B34: DSM2403-05 | C34: 4107224500731X | D34: 45363 | E34: =VLOOKUP(D34,환율!$A$1798:$B$2033,2,) -> 1314.4 | F34: 41102.8 | G34: =ROUNDDOWN(F34*E34,0) -> 54025520
B35: DSM2403-06 | C35: 4107224500817X | D35: 45369 | E35: =VLOOKUP(D35,환율!$A$1798:$B$2033,2,) -> 1328.4 | F35: 65799.2 | G35: =ROUNDDOWN(F35*E35,0) -> 87407657
B36: DSM2403-07 | C36: 4107224500799X | D36: 45371 | E36: =VLOOKUP(D36,환율!$A$1798:$B$2033,2,) -> 1338.5 | F36: 5342.4 | G36: =ROUNDDOWN(F36*E36,0) -> 7150802
B37: DSM2403-08 | C37: 4107224500824X | D37: 45372 | E37: =VLOOKUP(D37,환율!$A$1798:$B$2033,2,) -> 1338.7 | F37: 132347.6 | G37: =ROUNDDOWN(F37*E37,0) -> 177173732
B38: DSM2403-09 | C38: 4107224500838X | D38: 45382 | E38: =VLOOKUP(D38,환율!$A$1798:$B$2033,2,) -> 1346.8 | F38: 9352.8 | G38: =ROUNDDOWN(F38*E38,0) -> 12596351
B39: DSM2403-10 | C39: 4107224500800X | D39: 45371 | E39: =VLOOKUP(D39,환율!$A$1798:$B$2033,2,) -> 1338.5 | F39: 34203.6 | G39: =ROUNDDOWN(F39*E39,0) -> 45781518
B40: DSM2403-11 | C40: 4107224500839X | D40: 45382 | E40: =VLOOKUP(D40,환율!$A$1798:$B$2033,2,) -> 1346.8 | F40: 28916.75 | G40: =ROUNDDOWN(F40*E40,0) -> 38945078
B41: DSM2403-12 | C41: 4107224500801X | D41: 45371 | E41: =VLOOKUP(D41,환율!$A$1798:$B$2033,2,) -> 1338.5 | F41: 43245.44 | G41: =ROUNDDOWN(F41*E41,0) -> 57884021
B42: DSM2403-14 | C42: 4107224500925X | D42: 45380 | E42: =VLOOKUP(D42,환율!$A$1798:$B$2033,2,) -> 1346.8 | F42: 160274.52 | G42: =ROUNDDOWN(F42*E42,0) -> 215857723
B43: DSM2403-17 | C43: 4107224500861X | D43: 45382 | E43: =VLOOKUP(D43,환율!$A$1798:$B$2033,2,) -> 1346.8 | F43: 6100 | G43: =ROUNDDOWN(F43*E43,0) -> 8215480
B44: DSM2403-18 | C44: 4107224500937X | D44: 45373 | E44: =VLOOKUP(D44,환율!$A$1798:$B$2033,2,) -> 1326.3 | F44: 427.2 | G44: =IFERROR(ROUNDDOWN(F44*E44,0),"") -> 566595
B45: DSM2403-13 | C45: 4107224501001X | D45: 45390 | E45: =VLOOKUP(D45,환율!$A$1798:$B$2033,2,) -> 1351.8 | F45: 3096.48 | G45: =ROUNDDOWN(F45*E45,0) -> 4185821
B46: DSM2403-15 | C46: 4107224500935X | D46: 45393 | E46: =VLOOKUP(D46,환율!$A$1798:$B$2033,2,) -> 1354.4 | F46: 59556 | G46: =ROUNDDOWN(F46*E46,0) -> 80662646
B47: DSM2403-16 | C47: 4107224500936X | D47: 45384 | E47: =VLOOKUP(D47,환율!$A$1798:$B$2033,2,) -> 1347.1 | F47: 52045.2 | G47: =ROUNDDOWN(F47*E47,0) -> 70110088
B48: DSM2403-19 | C48: 4107224501002X | D48: 45390 | E48: =VLOOKUP(D48,환율!$A$1798:$B$2033,2,) -> 1351.8 | F48: 2392.32 | G48: =IFERROR(ROUNDDOWN(F48*E48,0),"") -> 3233938
B49: DSM2403-20 | C49: 4107224501003X | D49: 45390 | E49: =VLOOKUP(D49,환율!$A$1798:$B$2033,2,) -> 1351.8 | F49: 125932.8 | G49: =IFERROR(ROUNDDOWN(F49*E49,0),"") -> 170235959
B50: DSM2403-21 | C50: 4107224501057X | D50: 45394 | E50: =VLOOKUP(D50,환율!$A$1798:$B$2033,2,) -> 1363.7 | F50: 48 | G50: =IFERROR(ROUNDDOWN(F50*E50,0),"") -> 65457
C51: 소계 | F51: =SUM(F30:F50) -> 1087420.5 | G51: =SUM(G30:G50) -> 1454020155 | H51: 1371929563 | I51: =+G51-H51 -> 82090592
A52: Mercury China | B52: DSM2403-MC01 | C52: 4107224500786X | D52: 45366 | E52: =VLOOKUP(D52,환율!$A$1798:$B$2033,2,) -> 1316.9 | F52: 119748.02 | G52: =ROUNDDOWN(F52*E52,0) -> 157696167
B53: DSM2403-MC02 | C53: 4107224501013X | D53: 45385 | E53: =VLOOKUP(D53,환율!$A$1798:$B$2033,2,) -> 1353 | F53: 99416.55 | G53: =ROUNDDOWN(F53*E53,0) -> 134510592
C54: 소계 | F54: =SUM(F52:F53) -> 219164.57 | G54: =SUM(G52:G53) -> 292206759 | H54: 187057839 | I54: =+G54-H54 -> 105148920
A55: R&R | B55: DSM2403-R01 | C55: 4107224500469X | D55: 45396 | E55: =VLOOKUP(D55,환율!$A$1798:$B$2033,2,) -> 1363.7 | F55: =G55/E55 -> 5296.5381 | G55: 7222889
B56: DSM2403-R02 | C56: 4107224501223X | D56: 45414 | E56: =VLOOKUP(D56,환율!$A$1798:$B$2033,2,) -> 1378 | F56: =G56/E56 -> 23186.346 | G56: 31950785
B57: DSM2403-R03 | D57: 45379 | E57: =VLOOKUP(D57,환율!$A$1798:$B$2033,2,) -> 1345.8 | F57: =G57/E57 -> 4829.841 | G57: 6500000
C58: 소계 | F58: =SUM(F55:F57) -> 33312.725 | G58: =SUM(G55:G57) -> 45673674 | H58: 4716020 | I58: =+G58-H58 -> 40957654
A59: SAM | B59: DSM2403-SM01 | C59: 4112924030083X | D59: 45371 | E59: =VLOOKUP(D59,환율!$A$1798:$B$2033,2,) -> 1338.5 | F59: 39476 | G59: =ROUNDDOWN(F59*E59,0) -> 52838626
B60: DSM2403-SM02 | C60: 4112924040001X | D60: 45392 | E60: =VLOOKUP(D60,환율!$A$1798:$B$2033,2,) -> 1353.6 | F60: 36515.3 | G60: =ROUNDDOWN(F60*E60,0) -> 49427110
C61: 소계 | F61: =SUM(F59:F60) -> 75991.3 | G61: =SUM(G59:G60) -> 102265736 | H61: 104074525 | I61: =+G61-H61 -> -1808789
A62: SEASTAR | B62: DSM2403-SE01 | C62: 4107224500670X | D62: 45363 | E62: =VLOOKUP(D62,환율!$A$1798:$B$2033,2,) -> 1314.4 | F62: 11334.9 | G62: =ROUNDDOWN(F62*E62,0) -> 14898592
B63: DSM2403-SE02 | C63: 4107224501056X | D63: 45394 | E63: =VLOOKUP(D63,환율!$A$1798:$B$2033,2,) -> 1363.7 | F63: 13947.3 | G63: =ROUNDDOWN(F63*E63,0) -> 19019933
C64: 소계 | F64: =SUM(F62:F63) -> 25282.2 | G64: =SUM(G62:G63) -> 33918525 | H64: 15111688 | I64: =+G64-H64 -> 18806837
A65: Emerson | B65: DSM2403-EM01 | C65: 4107224500705X | D65: 45357 | E65: =VLOOKUP(D65,환율!$A$1798:$B$2033,2,) -> 1333.2 | F65: 255.04 | G65: =ROUNDDOWN(F65*E65,0) -> 340019
B66: DSM2403-EM02 | C66: 4107224500706X | D66: 45357 | E66: =VLOOKUP(D66,환율!$A$1798:$B$2033,2,) -> 1333.2 | F66: 293.69 | G66: =ROUNDDOWN(F66*E66,0) -> 391547
B67: DSM2403-EM03 | C67: 4107224500707X | D67: 45357 | E67: =VLOOKUP(D67,환율!$A$1798:$B$2033,2,) -> 1333.2 | F67: 1880.48 | G67: =ROUNDDOWN(F67*E67,0) -> 2507055
B68: DSM2403-EM04 | C68: 4107224500708X | D68: 45357 | E68: =VLOOKUP(D68,환율!$A$1798:$B$2033,2,) -> 1333.2 | F68: 156.98 | G68: =ROUNDDOWN(F68*E68,0) -> 209285
B69: DSM2403-EM05 | C69: 4107224500709X | D69: 45363 | E69: =VLOOKUP(D69,환율!$A$1798:$B$2033,2,) -> 1314.4 | F69: 4180.7 | G69: =ROUNDDOWN(F69*E69,0) -> 5495112
B70: DSM2403-EM06 | C70: 4107224500783X | D70: 45363 | E70: =VLOOKUP(D70,환율!$A$1798:$B$2033,2,) -> 1314.4 | F70: 330.54 | G70: =ROUNDDOWN(F70*E70,0) -> 434461
B71: DSM2403-EM07 | C71: 4107224500784X | D71: 45363 | E71: =VLOOKUP(D71,환율!$A$1798:$B$2033,2,) -> 1314.4 | F71: 421.3 | G71: =ROUNDDOWN(F71*E71,0) -> 553756
B72: DSM2403-EM08 | C72: 4107224500785X | D72: 45363 | E72: =VLOOKUP(D72,환율!$A$1798:$B$2033,2,) -> 1314.4 | F72: 486.47 | G72: =ROUNDDOWN(F72*E72,0) -> 639416
B73: DSM2403-EM09 | C73: 4107224500827X | D73: 45372 | E73: =VLOOKUP(D73,환율!$A$1798:$B$2033,2,) -> 1338.7 | F73: 1541.26 | G73: =ROUNDDOWN(F73*E73,0) -> 2063284
B74: DSM2403-EM10 | C74: 4107224500816X | D74: 45366 | E74: =VLOOKUP(D74,환율!$A$1798:$B$2033,2,) -> 1316.9 | F74: 2186.48 | G74: =ROUNDDOWN(F74*E74,0) -> 2879375
B75: DSM2403-EM11 | C75: 4107224500825X | D75: 45369 | E75: =VLOOKUP(D75,환율!$A$1798:$B$2033,2,) -> 1328.4 | F75: 851.36 | G75: =ROUNDDOWN(F75*E75,0) -> 1130946
B76: DSM2403-EM12 | C76: 4107224500813X | D76: 45365 | E76: =VLOOKUP(D76,환율!$A$1798:$B$2033,2,) -> 1312.8 | F76: 2056.04 | G76: =ROUNDDOWN(F76*E76,0) -> 2699169
B77: DSM2403-EM13 | C77: 4107224500856X | D77: 45378 | E77: =VLOOKUP(D77,환율!$A$1798:$B$2033,2,) -> 1338.6 | F77: 7670.13 | G77: =ROUNDDOWN(F77*E77,0) -> 10267236
... B85: DSM2403-EM19 | C85: 4107224500932X | D85: 45383 | E85: =VLOOKUP(D85,환율!$A$1798:$B$2033,2,) -> 1347.4 | F85: 393.96 | G85: =ROUNDDOWN(F85*E85,0) -> 530821
F86: =SUM(F65:F85) -> 31363.03 | G86: =SUM(G65:G85) -> 41594966 | H86: 86359528 | I86: =+G86-H86 -> -44764562
A87: AMAT | B87: DSM2403-AM01 | C87: 2057624030186X | D87: 45366 | E87: =VLOOKUP(D87,환율!$A$1798:$B$2033,2,) -> 1316.9 | F87: 28500.11 | G87: =ROUNDDOWN(F87*E87,0) -> 37531794
B88: DSM2403-AM02 | C88: 2057624030106X | D88: 45363 | E88: =VLOOKUP(D88,환율!$A$1798:$B$2033,2,) -> 1314.4 | F88: 2721.07 | G88: =ROUNDDOWN(F88*E88,0) -> 3576574
B89: DSM2403-AM03 | C89: 2057624040019X | D89: 45389 | E89: =VLOOKUP(D89,환율!$A$1798:$B$2033,2,) -> 1346.8 | F89: 27552.73 | G89: =ROUNDDOWN(F89*E89,0) -> 37108016
F90: =SUM(F87:F89) -> 58773.91 | G90: =SUM(G87:G89) -> 78216384 | H90: 62507299 | I90: =+G90-H90 -> 15709085
A91: SINKO IND LTD (신코) | B91: DSM2402-SK05 | C91: 4107224500635X | D91: 45353 | E91: 8.8576 | F91: 6912880 | G91: =ROUNDDOWN(F91*E91,0) -> 61231525
B92: DSM2402-SK06 | C92: 4107224500676X | D92: 45357 | E92: 8.8957 | F92: 18481280 | G92: =ROUNDDOWN(F92*E92,0) -> 164403922
B93: DSM2403-SK01 | C93: 4107224500773X | D93: 45365 | E93: 8.891 | F93: 16152952 | G93: =ROUNDDOWN(F93*E93,0) -> 143615896
B94: DSM2403-SK02 | C94: 4107224500864X | D94: 45371 | E94: 8.8681 | F94: 10395652 | G94: =ROUNDDOWN(F94*E94,0) -> 92189681
B95: DSM2403-SK03 | C95: 4107224500942X | D95: 45379 | E95: 8.8917 | F95: 11281080 | G95: =ROUNDDOWN(F95*E95,0) -> 100307979
B96: DSM2403-SK04 | C96: 4107224500943X | D96: 45379 | E96: 8.8917 | F96: 5575192 | G96: =ROUNDDOWN(F96*E96,0) -> 49572934
B97: DSMDNV2309-SK05 | D97: 45366 | E97: 8.8812 | F97: 516000 | G97: =ROUNDDOWN(F97*E97,0) -> 4582699
B98: DSMABS2312-SK01 | D98: 45366 | E98: 8.8812 | F98: 188000 | G98: =ROUNDDOWN(F98*E98,0) -> 1669665
B99: DSMDNV2309-SK05 | D99: 45366 | E99: 8.8812 | F99: 191000 | G99: =ROUNDDOWN(F99*E99,0) -> 1696309
B100: DSMABS2311-SK04 | D100: 45366 | E100: 8.8812 | F100: 432000 | G100: =ROUNDDOWN(F100*E100,0) -> 3836678
B101: DSMABS2401-SK05 | D101: 45366 | E101: 8.8812 | F101: 157000 | G101: =ROUNDDOWN(F101*E101,0) -> 1394348
B102: DSMABS2401-SK06 | D102: 45366 | E102: 8.8812 | F102: 166000 | G102: =ROUNDDOWN(F102*E102,0) -> 1474279
B103: DSMCCS2308-SK06 | D103: 45366 | E103: 8.8812 | F103: 102000 | G103: =ROUNDDOWN(F103*E103,0) -> 905882
B104: DSMABS2401-SK04 | D104: 45366 | E104: 8.8812 | F104: 457000 | G104: =ROUNDDOWN(F104*E104,0) -> 4058708
C105: 소계 | F105: =SUM(F91:F104) -> 71008036 | G105: =SUM(G91:G104) -> 630940505 | H105: 499210186 | I105: =+G105-H105 -> 131730319
A106: ATLAS COPCO | B106: DSM2403-AT01 | D106: 45369 | E106: =VLOOKUP(D106,환율!$A$1798:$B$2033,2,) -> 1328.4 | F106: =G106/E106 -> 3137.2026 | G106: 4167460
C107: 소계 | F107: =SUM(F106:F106) -> 3137.2026 | G107: =SUM(G106:G106) -> 4167460 | H107: 32013960 | I107: =+G107-H107 -> -27846500
A108: 당월 => 익월로 이월 | E108: 총계 | F108: 물품대 | G108: =+G110-G109 -> 4651560919 | H108: 4599089649 | I108: =+G108-H108 -> 52471270
A109: 구분 | B109: 이월금액 | C109: 구분 | D109: 이월금액 | F109: Tooling외 | G109: =SUM(G97:G104,G57) -> 26118568 | H109: 30771378 | I109: =+G109-H109 -> -4652810
A110: Allison | B110: =SUM(G15:G15) -> 632267731 | C110: NIKKISO | D110: 0 | F110: 합계 | G110: =SUM(G107,G105,G90,G86,G64,G61,G58,G54,G51,G29,G16) -> 4677679487 | H110: 4629861027 | I110: =+G110-H110 -> 47818460
A111: Polaris | B111: =SUM(G26:G28) -> 219025685 | C111: SEASTAR | D111: =SUM(G63) -> 19019933 | E111: 구분 | F111: 2월 이월분 | G111: 03월 당월분 | H111: 4월 이월분 | I111: 국외 매출 최종
A112: Mercury | B112: =SUM(G45:G50) -> 328493909 | C112: Emerson | D112: =SUM(G85:G85) -> 530821 | E112: 창원공장 | F112: 0 | G112: =SUM(G91:G104) -> 630940505 | H112: 0 | I112: =SUM(F112:G112) -> 630940505
A113: Mercury China | B113: =SUM(G53) -> 134510592 | C113: AMAT | D113: =SUM(G89) -> 37108016 | E113: 마산1공장 | F113: 710044157 | G113: =SUM(G17:G25,G30:G44,G52,G57,G62) -> 1422977793 | H113: =SUM(G26:G28,G45:G50,G53,G55,G63) -> 708273008 | I113: =SUM(F113:G113) -> 2133021950
A114: NorthStar | B114: 0 | C114: SAM | D114: =SUM(G60) -> 49427110 | E114: 마산2공장 | F114: 720417494 | G114: =SUM(G13:G14) -> 1025025119 | H114: =SUM(G15) -> 632267731 | I114: =SUM(F114:G114) -> 1745442613
A115: R&R | B115: =SUM(G55:G56) -> 39173674 | C115: SHINKO IND LTD | D115: 0 | E115: 마산3공장 | F115: 153545302 | G115: =SUM(G59,G65:G84,G87:G88) -> 135011139 | H115: =SUM(G60,G89,G85:G85) -> 87065947 | I115: =SUM(F115:G115) -> 288556441
A116: 기타 | B116: 0 | E116: 과세매출(국내매출) | G116: =SUM(G106:G106) -> 4167460 | I116: =SUM(F116:G116) -> 4167460
...

Sheet 24.04 (갑)
A6: ※ 2024년 4월 마감내역 ※
A11: 거래처 | B11: Invoice | C11: 면장번호 | D11: 인보이스 날짜 | E11: BL일자 | F11: 환율 | G11: 금액
G12: 외화금액 | H12: 원화환산금액 | I12: 전월금액 | J12: 증감액
A13: Allison | B13: DSM2404-AL01 | C13: 4107224501090X | E13: 45394 | F13: =VLOOKUP(E13,환율!$A$1798:$B$2033,2,) -> 1363.7 | G13: 361397.27 | H13: =ROUNDDOWN(G13*F13,0) -> 492837457
B14: DSM2404-AL02 | C14: 4107224501153X | E14: 45397 | F14: =VLOOKUP(E14,환율!$A$1798:$B$2033,2,) -> 1371.6 | G14: 217128.42 | H14: =ROUNDDOWN(G14*F14,0) -> 297813340
B15: DSM2404-AL03 | C15: 4107224501251X | E15: 45407 | F15: =VLOOKUP(E15,환율!$A$1798:$B$2033,2,) -> 1370 | G15: 429544 | H15: =ROUNDDOWN(G15*F15,0) -> 588475280
B16: DSM2404-AL04 | C16: 4107224501344X | E16: 45421 | F16: =VLOOKUP(E16,환율!$A$1798:$B$2033,2,) -> 1364.4 | G16: 401730.88 | H16: =ROUNDDOWN(G16*F16,0) -> 548121612
C17: 소계 | G17: =SUM(G13:G16) -> 1409800.6 | H17: =SUM(H13:H16) -> 1927247689 | I17: 1657292850 | J17: =+H17-I17 -> 269954839
A18: Polaris | B18: 2404P01 | C18: 4107224501046X | D18: 45373 | E18: 45393 | F18: =VLOOKUP(E18,환율!$A$1798:$B$2033,2,) -> 1354.4 | G18: 39824.64 | H18: =ROUNDDOWN(G18*F18,0) -> 53938492
B19: 2404P02 | C19: 4107224501116X | D19: 45377 | E19: 45401 | F19: =VLOOKUP(E19,환율!$A$1798:$B$2033,2,) -> 1375.9 | G19: 29769.12 | H19: =ROUNDDOWN(G19*F19,0) -> 40959332
B20: 2404P03 | C20: 4107224501169X | D20: 45392 | E20: 45404 | F20: =VLOOKUP(E20,환율!$A$1798:$B$2033,2,) -> 1385 | G20: 91427.76 | H20: =ROUNDDOWN(G20*F20,0) -> 126627447
B21: 2404P04 | C21: 4107224501206X | D21: 45397 | E21: 45406 | F21: =VLOOKUP(E21,환율!$A$1798:$B$2033,2,) -> 1377.9 | G21: 12823.92 | H21: =ROUNDDOWN(G21*F21,0) -> 17670079
B22: 2404P06 | C22: 4107224501166X | D22: 45397 | E22: 45403 | F22: =VLOOKUP(E22,환율!$A$1798:$B$2033,2,) -> 1375.9 | G22: 11829.6 | H22: =ROUNDDOWN(G22*F22,0) -> 16276346
B23: 2404P08 | C23: 4107224501207X | D23: 45397 | E23: 45406 | F23: =VLOOKUP(E23,환율!$A$1798:$B$2033,2,) -> 1377.9 | G23: 173.8 | H23: =ROUNDDOWN(G23*F23,0) -> 239479
B24: 2404P01TA | E24: 45386 | F24: =VLOOKUP(E24,환율!$A$1798:$B$2033,2,) -> 1349.1 | G24: 13050 | H24: =ROUNDDOWN(G24*F24,0) -> 17605755
B25: 2404P05 | C25: 4107224200589X | D25: 45397 | E25: 45417 | F25: =VLOOKUP(E25,환율!$A$1798:$B$2033,2,) -> 1378.5 | G25: 38247.6 | H25: =ROUNDDOWN(G25*F25,0) -> 52724316
C26: 소계 | G26: =SUM(G18:G25) -> 237146.44 | H26: =SUM(H18:H25) -> 326041246 | I26: 337382473 | J26: =+H26-I26 -> -11341227
A27: Mercury | B27: DSM2404-01 | C27: 4107224501058X | D27: 45376 | E27: 45394 | F27: =VLOOKUP(E27,환율!$A$1798:$B$2033,2,) -> 1363.7 | G27: 64658.52 | H27: =ROUNDDOWN(G27*F27,0) -> 88174823
B28: DSM2404-02 | C28: 4107224501059X | D28: 45376 | E28: 45391 | F28: =VLOOKUP(E28,환율!$A$1798:$B$2033,2,) -> 1353.6 | G28: 65115.6 | H28: =ROUNDDOWN(G28*F28,0) -> 88140476
B29: DSM2404-03 | C29: 4107224501078X | D29: 45385 | E29: 45395 | F29: =VLOOKUP(E29,환율!$A$1798:$B$2033,2,) -> 1363.7 | G29: 132347.6 | H29: =ROUNDDOWN(G29*F29,0) -> 180482422
B30: DSM2404-04 | C30: 4107224501118X | D30: 45383 | E30: 45404 | F30: =VLOOKUP(E30,환율!$A$1798:$B$2033,2,) -> 1385 | G30: 34909.08 | H30: =ROUNDDOWN(G30*F30,0) -> 48349075
B31: DSM2404-05 | C31: 4107224501119X | D31: 45380 | E31: 45404 | F31: =VLOOKUP(E31,환율!$A$1798:$B$2033,2,) -> 1385 | G31: 1797.18 | H31: =ROUNDDOWN(G31*F31,0) -> 2489094
B32: DSM2404-06 | C32: 4107224501120X | D32: 45385 | E32: 45410 | F32: =VLOOKUP(E32,환율!$A$1798:$B$2033,2,) -> 1376.6 | G32: 84743.6 | H32: =ROUNDDOWN(G32*F32,0) -> 116658039
B33: DSM2404-07 | C33: 4107224501155X | D33: 45390 | E33: 45403 | F33: =VLOOKUP(E33,환율!$A$1798:$B$2033,2,) -> 1375.9 | G33: 102006.24 | H33: =ROUNDDOWN(G33*F33,0) -> 140350385
B34: DSM2404-08 | C34: 4107224501156X | D34: 45393 | E34: 45404 | F34: =VLOOKUP(E34,환율!$A$1798:$B$2033,2,) -> 1385 | G34: 47629.12 | H34: =ROUNDDOWN(G34*F34,0) -> 65966331
B35: DSM2404-09 | C35: 4107224501138X | D35: 45391 | E35: 45393 | F35: =VLOOKUP(E35,환율!$A$1798:$B$2033,2,) -> 1354.4 | G35: 2072.81 | H35: =ROUNDDOWN(G35*F35,0) -> 2807413
B36: DSM2404-11 | C36: 4107224501241X | D36: 45399 | E36: 45408 | F36: =VLOOKUP(E36,환율!$A$1798:$B$2033,2,) -> 1376.6 | G36: 122231.03 | H36: =ROUNDDOWN(G36*F36,0) -> 168263235
B37: DSM2404-20 | C37: 4107224501348X | D37: 45411 | E37: 45411 | F37: =VLOOKUP(E37,환율!$A$1798:$B$2033,2,) -> 1375.9 | G37: 2779 | H37: =ROUNDDOWN(G37*F37,0) -> 3823626
B38: DSM2404-PS01 | C38: 4107224501082X | D38: 45384 | E38: 45385 | F38: =VLOOKUP(E38,환율!$A$1798:$B$2033,2,) -> 1353 | G38: 2628 | H38: =ROUNDDOWN(G38*F38,0) -> 3555684
B39: DSM2404-PS02 | C39: 4107224501083X | D39: 45387 | E39: 45387 | F39: =VLOOKUP(E39,환율!$A$1798:$B$2033,2,) -> 1346.8 | G39: 2779 | H39: =ROUNDDOWN(G39*F39,0) -> 3742757
B40: DSM2404-PS03 | C40: 4107224501106X | D40: 45390 | E40: 45390 | F40: =VLOOKUP(E40,환율!$A$1798:$B$2033,2,) -> 1351.8 | G40: 216.28 | H40: =ROUNDDOWN(G40*F40,0) -> 292367
B41: DSM2404-01TA | D41: 45410 | E41: 45410 | F41: =VLOOKUP(E41,환율!$A$1798:$B$2033,2,) -> 1376.6 | G41: 11310 | H41: =ROUNDDOWN(G41*F41,0) -> 15569346
B42: DSM2404-10 | C42: 4107224501280X | D42: 45393 | E42: 45421 | F42: =VLOOKUP(E42,환율!$A$1798:$B$2033,2,) -> 1364.4 | G42: 59963.6 | H42: =ROUNDDOWN(G42*F42,0) -> 81814335
B43: DSM2404-12 | C43: 4107224501294X | D43: 45400 | E43: 45417 | F43: =VLOOKUP(E43,환율!$A$1798:$B$2033,2,) -> 1378.5 | G43: 30694.72 | H43: =ROUNDDOWN(G43*F43,0) -> 42312671
B44: DSM2404-13 | C44: 4107224501267X | D44: 45400 | E44: 45415 | F44: =VLOOKUP(E44,환율!$A$1798:$B$2033,2,) -> 1378.5 | G44: 83455.6 | H44: =ROUNDDOWN(G44*F44,0) -> 115043544
B45: DSM2404-14 | C45: 4107224501308X | D45: 45406 | E45: 45419 | F45: =VLOOKUP(E45,환율!$A$1798:$B$2033,2,) -> 1365.2 | G45: 114591.12 | H45: =ROUNDDOWN(G45*F45,0) -> 156439797
B46: DSM2404-15 | C46: 4107224501309X | D46: 45406 | E46: 45418 | F46: =VLOOKUP(E46,환율!$A$1798:$B$2033,2,) -> 1378.5 | G46: 44041.2 | H46: =ROUNDDOWN(G46*F46,0) -> 60710794
B47: DSM2404-16 | C47: 4107224501338X | D47: 45407 | E47: 45433 | F47: =VLOOKUP(E47,환율!$A$1798:$B$2033,2,) -> 1356.2 | G47: 59963.6 | H47: =ROUNDDOWN(G47*F47,0) -> 81322634
B48: DSM2404-17 | C48: 4107224501339X | D48: 45407 | E48: 45433 | F48: =VLOOKUP(E48,환율!$A$1798:$B$2033,2,) -> 1356.2 | G48: 5572.8 | H48: =ROUNDDOWN(G48*F48,0) -> 7557831
B49: DSM2404-18 | C49: 4107224501369X | D49: 45412 | E49: 45426 | F49: =VLOOKUP(E49,환율!$A$1798:$B$2033,2,) -> 1370.1 | G49: 13660.8 | H49: =ROUNDDOWN(G49*F49,0) -> 18716662
B50: DSM2404-19 | C50: 4107224501440X | D50: 45410 | E50: 45432 | F50: =VLOOKUP(E50,환율!$A$1798:$B$2033,2,) -> 1355.2 | G50: 9480 | H50: =ROUNDDOWN(G50*F50,0) -> 12847296
C51: 소계 | G51: =SUM(G27:G50) -> 1098646.5 | H51: =SUM(H27:H50) -> 1505430637 | I51: 1454020155 | J51: =+H51-I51 -> 51410482
A52: Mercury China | B52: DSM2404-MC01 | C52: 4107224501139X | D52: 45393 | E52: 45395 | F52: =VLOOKUP(E52,환율!$A$1798:$B$2033,2,) -> 1363.7 | G52: 88048.8 | H52: =ROUNDDOWN(G52*F52,0) -> 120072148
B53: DSM2404-MC02 | C53: 4107224501240X | D53: 45401 | E53: 45403 | F53: =VLOOKUP(E53,환율!$A$1798:$B$2033,2,) -> 1375.9 | G53: 38956.56 | H53: =ROUNDDOWN(G53*F53,0) -> 53600330
B54: DSM2405-MC01 | C54: 4107224200588X | E54: 45408 | F54: =VLOOKUP(E54,환율!$A$1798:$B$2033,2,) -> 1376.6 | G54: 1939.68 | H54: =ROUNDDOWN(G54*F54,0) -> 2670163
B55: DSM2405-MC02 | C55: 4107224501303X | E55: 45409 | F55: =VLOOKUP(E55,환율!$A$1798:$B$2033,2,) -> 1376.6 | G55: 1939.68 | H55: =ROUNDDOWN(G55*F55,0) -> 2670163
C56: 소계 | G56: =SUM(G52:G55) -> 130884.72 | H56: =SUM(H52:H55) -> 179012804 | I56: 292206759 | J56: =+H56-I56 -> -113193955
A57: R&R | B57: DSM2404-R01 | C57: 4107224501159X | D57: 45393 | E57: 45401 | F57: =VLOOKUP(E57,환율!$A$1798:$B$2033,2,) -> 1375.9 | G57: =H57/F57 -> 1352.6492 | H57: 1861110
B58: DSM2404-R02 | C58: 4107224500426X | D58: 45407 | E58: 45426 | F58: =VLOOKUP(E58,환율!$A$1798:$B$2033,2,) -> 1370.1 | G58: =H58/F58 -> 3231.1364 | H58: 4426980
B59: DSM2404-R03 | C59: 4107224501564X | E59: 45438 | F59: =VLOOKUP(E59,환율!$A$1798:$B$2033,2,) -> 1364.5 | G59: =H59/F59 -> 19185.97 | H59: 26179256
C60: 소계 | G60: =SUM(G57:G59) -> 23769.756 | H60: =SUM(H57:H59) -> 32467346 | I60: 45673674 | J60: =+H60-I60 -> -13206328
A61: SAM | B61: DSM2404-SM01 | C61: 4112924040130X | D61: 45393 | E61: 45406 | F61: =VLOOKUP(E61,환율!$A$1798:$B$2033,2,) -> 1377.9 | G61: 39476 | H61: =ROUNDDOWN(G61*F61,0) -> 54393980
B62: DSM2404-SM02 | C62: 411292405001X | D62: 45408 | E62: 45420 | F62: =VLOOKUP(E62,환율!$A$1798:$B$2033,2,) -> 1357.8 | G62: 35528.4 | H62: =ROUNDDOWN(G62*F62,0) -> 48240461
C63: 소계 | G63: =SUM(G61:G62) -> 75004.4 | H63: =SUM(H61:H62) -> 102634441 | I63: 102265736 | J63: =+H63-I63 -> 368705
A64: SEASTAR | F64: =VLOOKUP(E64,환율!$A$1798:$B$2033,2,) -> #N/A | H64: =ROUNDDOWN(G64*F64,0) -> #N/A
F65: =VLOOKUP(E65,환율!$A$1798:$B$2033,2,) -> #N/A | H65: =ROUNDDOWN(G65*F65,0) -> #N/A
C66: 소계 | G66: =SUM(G64:G65) -> 0 | H66: =SUM(H64:H65) -> #N/A | I66: 15111688 | J66: =+H66-I66 -> #N/A
A67: Emerson | B67: DSM2404-EM01 | C67: 4107224500979X | D67: 45378 | E67: 45383 | F67: =VLOOKUP(E67,환율!$A$1798:$B$2033,2,) -> 1347.4 | G67: 889.33 | H67: =ROUNDDOWN(G67*F67,0) -> 1198283
B68: DSM2404-EM02 | C68: 4107224501004X | D68: 45380 | E68: 45383 | F68: =VLOOKUP(E68,환율!$A$1798:$B$2033,2,) -> 1347.4 | G68: 255.04 | H68: =ROUNDDOWN(G68*F68,0) -> 343640
B69: DSM2404-EM03 | C69: 4107224501005X | D69: 45380 | E69: 45383 | F69: =VLOOKUP(E69,환율!$A$1798:$B$2033,2,) -> 1347.4 | G69: 922.58 | H69: =ROUNDDOWN(G69*F69,0) -> 1243084
B70: DSM2404-EM04 | C70: 4107224501006X | D70: 45380 | E70: 45383 | F70: =VLOOKUP(E70,환율!$A$1798:$B$2033,2,) -> 1347.4 | G70: 2616 | H70: =ROUNDDOWN(G70*F70,0) -> 3524798
B71: DSM2404-EM05 | C71: 4107224501079X | D71: 45387 | E71: 45405 | F71: =VLOOKUP(E71,환율!$A$1798:$B$2033,2,) -> 1380.6 | G71: 658.28 | H71: =ROUNDDOWN(G71*F71,0) -> 908821
B72: DSM2404-EM06 | C72: 4107224501080X | D72: 45387 | E72: 45387 | F72: =VLOOKUP(E72,환율!$A$1798:$B$2033,2,) -> 1346.8 | G72: 1801.32 | H72: =ROUNDDOWN(G72*F72,0) -> 2426017
B73: DSM2404-EM07 | C73: 4107224501081X | D73: 45387 | E73: 45387 | F73: =VLOOKUP(E73,환율!$A$1798:$B$2033,2,) -> 1346.8 | G73: 468.19 | H73: =ROUNDDOWN(G73*F73,0) -> 630558
B74: DSM2404-EM08 | C74: 4107224501107X | D74: 45387 | E74: 45398 | F74: =VLOOKUP(E74,환율!$A$1798:$B$2033,2,) -> 1383.7 | G74: 749.4 | H74: =ROUNDDOWN(G74*F74,0) -> 1036944
B75: DSM2404-EM09 | C75: 4107224501108X | D75: 45387 | E75: 45394 | F75: =VLOOKUP(E75,환율!$A$1798:$B$2033,2,) -> 1363.7 | G75: 1093.24 | H75: =ROUNDDOWN(G75*F75,0) -> 1490851
B76: DSM2404-EM10 | C76: 4107224501143X | D76: 45393 | E76: 45393 | F76: =VLOOKUP(E76,환율!$A$1798:$B$2033,2,) -> 1354.4 | G76: 787.01 | H76: =ROUNDDOWN(G76*F76,0) -> 1065926
B77: DSM2404-EM11 | C77: 4107224501154X | D77: 45393 | E77: 45406 | F77: =VLOOKUP(E77,환율!$A$1798:$B$2033,2,) -> 1377.9 | G77: 17638.2 | H77: =ROUNDDOWN(G77*F77,0) -> 24303675
B78: DSM2404-EM12 | C78: 4107224501318X | D78: 45405 | E78: 45418 | F78: =VLOOKUP(E78,환율!$A$1798:$B$2033,2,) -> 1378.5 | G78: 12327.39 | H78: =ROUNDDOWN(G78*F78,0) -> 16993307
B79: DSM2404-EM13 | C79: 4107224501327X | D79: 45402 | E79: 45420 | F79: =VLOOKUP(E79,환율!$A$1798:$B$2033,2,) -> 1357.8 | G79: 420.61 | H79: =ROUNDDOWN(G79*F79,0) -> 571104
B80: DSM2404-EM14 | C80: 4107224501337X | D80: 45407 | E80: 45418 | F80: =VLOOKUP(E80,환율!$A$1798:$B$2033,2,) -> 1378.5 | G80: 20545.65 | H80: =ROUNDDOWN(G80*F80,0) -> 28322178
G81: =SUM(G67:G80) -> 61172.24 | H81: =SUM(H67:H80) -> 84059186 | I81: 41594966 | J81: =+H81-I81 -> 42464220
A82: AMAT | B82: DSM2404-AM01 | C82: 2057624040472X | D82: 45406 | E82: 45408 | F82: =VLOOKUP(E82,환율!$A$1798:$B$2033,2,) -> 1376.6 | G82: 15963.21 | H82: =ROUNDDOWN(G82*F82,0) -> 21974954
B83: DSM2404-AM02 | C83: 2057624030106X | D83: 45412 | E83: 45417 | F83: =VLOOKUP(E83,환율!$A$1798:$B$2033,2,) -> 1378.5 | G83: 14189.52 | H83: =ROUNDDOWN(G83*F83,0) -> 19560253
G84: =SUM(G82:G83) -> 30152.73 | H84: =SUM(H82:H83) -> 41535207 | I84: 78216384 | J84: =+H84-I84 -> -36681177
A85: SINKO IND LTD (신코) | B85: DSM2403-SK05 | C85: 4107224501020X | E85: 45387 | F85: 8.9053 | G85: 13842176 | H85: =ROUNDDOWN(G85*F85,0) -> 123268729
B86: DSM2403-SK06 | C86: 4107224501021X | E86: 45387 | F86: 8.9053 | G86: 14215068 | H86: =ROUNDDOWN(G86*F86,0) -> 126589445
B87: DSM2404-SK01 | C87: 4107224501086X | E87: 45389 | F87: 8.9053 | G87: 7562088 | H87: =ROUNDDOWN(G87*F87,0) -> 67342662
B88: DSM2404-SK02 | C88: 4107224501164X | E88: 45395 | F88: 8.9006 | G88: 14431744 | H88: =ROUNDDOWN(G88*F88,0) -> 128451180
B89: DSM2404-SK03 | C89: 4107224501265X | E89: 45406 | F89: 8.9026 | G89: 3540400 | H89: =ROUNDDOWN(G89*F89,0) -> 31518765
B90: DSM2404-SK04 | C90: 4107224501266X | E90: 45406 | F90: 8.9026 | G90: 15938836 | H90: =ROUNDDOWN(G90*F90,0) -> 141897081
B91: DSM2404-SK05 | C91: 4107224501321X | E91: 45409 | F91: 8.8479 | G91: 11231692 | H91: =ROUNDDOWN(G91*F91,0) -> 99376887
C92: 소계 | G92: =SUM(G85:G91) -> 80762004 | H92: =SUM(H85:H91) -> 718444749 | I92: 630940505 | J92: =+H92-I92 -> 87504244
A93: ATLAS COPCO | B93: DSM2404-AT01 | E93: 45400 | F93: =VLOOKUP(E93,환율!$A$1798:$B$2033,2,) -> 1386.3 | G93: =H93/F93 -> 15527.952 | H93: 21526400
C94: 소계 | G94: =SUM(G93:G93) -> 15527.952 | H94: =SUM(H93:H93) -> 21526400 | I94: 4167460 | J94: =+H94-I94 -> 17358940
A95: 당월 => 익월로 이월 | F95: 총계 | G95: 물품대 | H95: =+H97-H96 -> 4883698204 | I95: 4651560919 | J95: =+H95-I95 -> 232137285
A96: 구분 | B96: 이월금액 | C96: 구분 | E96: 이월금액 | G96: Tooling외 | H96: =SUM(H41,H24) -> 33175101 | I96: 26118568 | J96: =+H96-I96 -> 7056533
A97: Allison | B97: =H16 -> 548121612 | C97: NIKKISO | E97: 0 | G97: 합계 | H97: =SUM(H92,H84,H81,H63,H60,H56,H51,H26,H17) -> 4916873305 | I97: 4677679487 | J97: =+H97-I97 -> 239193818
A98: Polaris | B98: =H25 -> 52724316 | C98: SEASTAR | E98: 0 | F98: 구분 | G98: 03월 이월분 | H98: 04월 당월분 | I98: 05월 이월분 | J98: 국외 매출 최종
A99: Mercury | B99: =SUM(H42:H50) -> 576765564 | C99: Emerson | E99: =SUM(H78:H80) -> 45886589 | F99: 창원공장 | G99: 0 | H99: =SUM(H85:H91) -> 718444749 | I99: 0 | J99: =SUM(G99:H99) -> 718444749
A100: Mercury China | B100: 0 | C100: AMAT | E100: =SUM(H83) -> 19560253 | F100: 마산1공장 | G100: 708273008 | H100: =SUM(H18:H24,H27:H41,H52:H55,H57) -> 1382855917 | I100: =SUM(H25,H42:H50,H58:H59) -> 660096116 | J100: =SUM(G100:H100) -> 2091128925
A101: NorthStar | B101: 0 | C101: SAM | E101: =SUM(H62) -> 48240461 | F101: 마산2공장 | G101: 632267731 | H101: =SUM(H13:H15) -> 1379126077 | I101: =SUM(H16) -> 548121612 | J101: =SUM(G101:H101) -> 2011393808
A102: R&R | B102: =SUM(H58:H59) -> 30606236 | C102: SHINKO IND LTD | E102: 0 | F102: 마산3공장 | G102: 87065947 | H102: =SUM(H82,H67:H77,H61) -> 114541531 | I102: =SUM(H83,H78:H80,H62) -> 113687303 | J102: =SUM(G102:H102) -> 201607478
A103: 기타 | B103: 0 | F103: 과세매출(국내매출) | H103: =SUM(H93:H93) -> 21526400 | J103: =SUM(G103:H103) -> 21526400
B104: 합계 | E104: =SUM(B97:B103,E97:E103) -> 1321905031 | F104: 총계 | G104: 1427606686 | H104: =SUM(H99:H103) -> 3616494674 | I104: =SUM(I99:I103) -> 1321905031 | J104: =+G104+H104 -> 5044101360

Sheet 24.05 (갑)
A6: ※ 2024년 5월 마감내역 ※
A11: 거래처 | B11: Invoice | C11: 면장번호 | D11: 인보이스 날짜 | E11: BL일자 | F11: 환율 | G11: 금액
G12: 외화금액 | H12: 원화환산금액 | I12: 전월금액 | J12: 증감액
A13: Allison | B13: DSM2405-AL01 | C13: 4107224501448X | D13: 45422 | E13: 45429 | F13: =VLOOKUP(E13,환율!$A$1798:$B$2033,2,) -> 1349.4 | G13: 369838.12 | H13: =ROUNDDOWN(G13*F13,0) -> 499059559 | K13: ='24.04 (갑)'!G16 -> 401730.88
B14: DSM2405-AL03 | C14: 4107224501590X | D14: 45436 | E14: 45446 | F14: =VLOOKUP(E14,환율!$A$1798:$B$2033,2,) -> 1381.6 | G14: 393378.62 | H14: =ROUNDDOWN(G14*F14,0) -> 543491901
B15: DSM2405-AL02 | C15: 4107224501665X | D15: 45443 | E15: 45449 | F15: =VLOOKUP(E15,환율!$A$1798:$B$2033,2,) -> 1373.1 | G15: 421200.02 | H15: =ROUNDDOWN(G15*F15,0) -> 578349747
A16: 소계 | G16: =SUM(G13:G15) -> 1184416.8 | H16: =SUM(H13:H15) -> 1620901207 | I16: 1927247689 | J16: =+H16-I16 -> -306346482
A17: Polaris | B17: 2405P01 | C17: 4107224501496X | D17: 45420 | E17: 45436 | F17: =VLOOKUP(E17,환율!$A$1798:$B$2033,2,) -> 1364.5 | G17: 58875.72 | H17: =ROUNDDOWN(G17*F17,0) -> 80335919
B18: 2405P02 | C18: 4107224501341X | D18: 45404 | E18: 45422 | F18: =VLOOKUP(E18,환율!$A$1798:$B$2033,2,) -> 1367.9 | G18: 36646.38 | H18: =ROUNDDOWN(G18*F18,0) -> 50128583
B19: 2405P08 | C19: 4107224501426X | D19: 45427 | E19: 45429 | F19: =VLOOKUP(E19,환율!$A$1798:$B$2033,2,) -> 1349.4 | G19: 17982.72 | H19: =ROUNDDOWN(G19*F19,0) -> 24265882
B20: 2405TC01 | E20: 45427 | F20: =VLOOKUP(E20,환율!$A$1798:$B$2033,2,) -> 1370.1 | G20: 8700 | H20: =ROUNDDOWN(G20*F20,0) -> 11919870
B21: 2405P03 | C21: 4107224501528X | D21: 45413 | E21: 45446 | F21: =VLOOKUP(E21,환율!$A$1798:$B$2033,2,) -> 1381.6 | G21: 311.35 | H21: =ROUNDDOWN(G21*F21,0) -> 430161
B22: 2405P04 | C22: 4107224501529X | D22: 45413 | E22: 45446 | F22: =VLOOKUP(E22,환율!$A$1798:$B$2033,2,) -> 1381.6 | G22: 1418.42 | H22: =ROUNDDOWN(G22*F22,0) -> 1959689
B23: 2405P05 | C23: 4107224501530X | D23: 45413 | E23: 45446 | F23: =VLOOKUP(E23,환율!$A$1798:$B$2033,2,) -> 1381.6 | G23: 780.48 | H23: =ROUNDDOWN(G23*F23,0) -> 1078311
B24: 2405P06 | C24: 4107224501531X | D24: 45413 | E24: 45446 | F24: =VLOOKUP(E24,환율!$A$1798:$B$2033,2,) -> 1381.6 | G24: 280.5 | H24: =ROUNDDOWN(G24*F24,0) -> 387538
B25: 2405P07 | C25: 4107224501645X | D25: 45432 | E25: 45455 | F25: =VLOOKUP(E25,환율!$A$1798:$B$2033,2,) -> 1377.4 | G25: 72188.46 | H25: =ROUNDDOWN(G25*F25,0) -> 99432384
B26: 2405P09 | C26: 4107224501532X | D26: 45422 | E26: 45446 | F26: =VLOOKUP(E26,환율!$A$1798:$B$2033,2,) -> 1381.6 | G26: 59702.4 | H26: =ROUNDDOWN(G26*F26,0) -> 82484835
B27: 2405P10 | C27: 4107224501623X | D27: 45424 | E27: 45446 | F27: =VLOOKUP(E27,환율!$A$1798:$B$2033,2,) -> 1381.6 | G27: 23455.2 | H27: =ROUNDDOWN(G27*F27,0) -> 32405704
B28: 2405P11 | C28: 4107224200834X | D28: 45432 | E28: 45445 | F28: =VLOOKUP(E28,환율!$A$1798:$B$2033,2,) -> 1376.5 | G28: 7153.92 | H28: =ROUNDDOWN(G28*F28,0) -> 9847370
A29: 소계 | G29: =SUM(G17:G28) -> 287495.55 | H29: =SUM(H17:H28) -> 394676246 | I29: 326041246 | J29: =+H29-I29 -> 68635000
A30: Mercury | B30: DSM2405-01 | C30: 4107224501370X | D30: 45412 | E30: 45426 | F30: =VLOOKUP(E30,환율!$A$1798:$B$2033,2,) -> 1370.1 | G30: 41977.6 | H30: =ROUNDDOWN(G30*F30,0) -> 57513509
B31: DSM2405-02 | C31: 4107224501441X | D31: 45412 | E31: 45432 | F31: =VLOOKUP(E31,환율!$A$1798:$B$2033,2,) -> 1355.2 | G31: 87484.8 | H31: =ROUNDDOWN(G31*F31,0) -> 118559400
B32: DSM2405-03 | C32: 4107224501452X | D32: 45415 | E32: 45436 | F32: =VLOOKUP(E32,환율!$A$1798:$B$2033,2,) -> 1364.5 | G32: 117941.6 | H32: =ROUNDDOWN(G32*F32,0) -> 160931313
B33: DSM2405-04 | C33: 4107224501453X | D33: 45415 | E33: 45441 | F33: =VLOOKUP(E33,환율!$A$1798:$B$2033,2,) -> 1359.5 | G33: 51112.8 | H33: =ROUNDDOWN(G33*F33,0) -> 69487851
B34: DSM2405-05 | C34: 4107224501454X | D34: 45420 | E34: 45432 | F34: =VLOOKUP(E34,환율!$A$1798:$B$2033,2,) -> 1355.2 | G34: 2779 | H34: =ROUNDDOWN(G34*F34,0) -> 3766100
B35: DSM2405-06 | C35: 4107224501425X | D35: 45420 | E35: 45421 | F35: =VLOOKUP(E35,환율!$A$1798:$B$2033,2,) -> 1364.4 | G35: 2779 | H35: =ROUNDDOWN(G35*F35,0) -> 3791667
B36: DSM2405-07 | C36: 4107224501546X | D36: 45422 | E36: 45441 | F36: =VLOOKUP(E36,환율!$A$1798:$B$2033,2,) -> 1359.5 | G36: 43746 | H36: =ROUNDDOWN(G36*F36,0) -> 59472687
B37: DSM2405-08 | C37: 4107224501500X | D37: 45422 | E37: 45438 | F37: =VLOOKUP(E37,환율!$A$1798:$B$2033,2,) -> 1364.5 | G37: 99696.8 | H37: =ROUNDDOWN(G37*F37,0) -> 136036283
B38: DSM2405-09 | C38: 4107224501489X | D38: 45422 | E38: 45429 | F38: =VLOOKUP(E38,환율!$A$1798:$B$2033,2,) -> 1349.4 | G38: 961.56 | H38: =ROUNDDOWN(G38*F38,0) -> 1297529
B39: DSM2405-10 | C39: 4107224501570X | D39: 45426 | E39: 45442 | F39: =VLOOKUP(E39,환율!$A$1798:$B$2033,2,) -> 1364.8 | G39: 23492 | H39: =ROUNDDOWN(G39*F39,0) -> 32061881
B40: DSM2405-14 | C40: 4107224501541X | D40: 45429 | E40: 45433 | F40: =VLOOKUP(E40,환율!$A$1798:$B$2033,2,) -> 1356.2 | G40: 6947.5 | H40: =ROUNDDOWN(G40*F40,0) -> 9422199
B41: DSM2405-17 | C41: 4107224501589X | D41: 45435 | E41: 45437 | F41: =VLOOKUP(E41,환율!$A$1798:$B$2033,2,) -> 1364.5 | G41: 6447.28 | H41: =ROUNDDOWN(G41*F41,0) -> 8797313
B42: DSM2405-11 | C42: 4107224501587X | D42: 45432 | E42: 45445 | F42: =VLOOKUP(E42,환율!$A$1798:$B$2033,2,) -> 1376.5 | G42: 112598.5 | H42: =ROUNDDOWN(G42*F42,0) -> 154991835 | K42: 45473
B43: DSM2405-12 | C43: 4107224501605X | D43: 45434 | E43: 45446 | F43: =VLOOKUP(E43,환율!$A$1798:$B$2033,2,) -> 1381.6 | G43: 11795 | H43: =ROUNDDOWN(G43*F43,0) -> 16295972
B44: DSM2405-13 | C44: 4107224501588X | D44: 45434 | E44: 45445 | F44: =VLOOKUP(E44,환율!$A$1798:$B$2033,2,) -> 1376.5 | G44: 6677.5 | H44: =ROUNDDOWN(G44*F44,0) -> 9191578
B45: DSM2405-15 | C45: 4107224501608X | D45: 45434 | E45: 45446 | F45: =VLOOKUP(E45,환율!$A$1798:$B$2033,2,) -> 1381.6 | G45: 5172.1 | H45: =ROUNDDOWN(G45*F45,0) -> 7145773
B46: DSM2405-16 | C46: 4107224501644X | D46: 45434 | E46: 45450 | F46: =VLOOKUP(E46,환율!$A$1798:$B$2033,2,) -> 1371.5 | G46: 98401.4 | H46: =ROUNDDOWN(G46*F46,0) -> 134957520
B47: DSM2405-18 | C47: 4107224501709X | D47: 45440 | E47: 45457 | F47: =VLOOKUP(E47,환율!$A$1798:$B$2033,2,) -> 1371 | G47: 33034.4 | H47: =ROUNDDOWN(G47*F47,0) -> 45290162
B48: DSM2405-19 | C48: 4107224501662X | D48: 45435 | E48: 45451 | F48: =VLOOKUP(E48,환율!$A$1798:$B$2033,2,) -> 1371.5 | G48: 94449.6 | H48: =ROUNDDOWN(G48*F48,0) -> 129537626
B49: DSM2405-20 | C49: 4107224501663X | D49: 45432 | E49: 45451 | F49: =VLOOKUP(E49,환율!$A$1798:$B$2033,2,) -> 1371.5 | G49: 3962.5 | H49: =ROUNDDOWN(G49*F49,0) -> 5434568
B50: DSM2405-21 | C50: 4107224501710X | D50: 45440 | E50: 45458 | F50: =VLOOKUP(E50,환율!$A$1798:$B$2033,2,) -> 1371 | G50: 63992.8 | H50: =ROUNDDOWN(G50*F50,0) -> 87734128
A51: 소계 | G51: =SUM(G30:G50) -> 915449.74 | H51: =SUM(H30:H50) -> 1251716894 | I51: 1505430637 | J51: =+H51-I51 -> -253713743
A52: Mercury China | B52: DSM2405-MC03 | C52: 4107224501371X | D52: 45414 | E52: 45418 | F52: =VLOOKUP(E52,환율!$A$1798:$B$2033,2,) -> 1378.5 | G52: 74100.84 | H52: =ROUNDDOWN(G52*F52,0) -> 102148007
B53: DSM2405-MC04 | C53: 4107224501472X | D53: 45424 | E53: 45429 | F53: =VLOOKUP(E53,환율!$A$1798:$B$2033,2,) -> 1349.4 | G53: 87575.88 | H53: =ROUNDDOWN(G53*F53,0) -> 118174892
A54: 소계 | G54: =SUM(G52:G53) -> 161676.72 | H54: =SUM(H52:H53) -> 220322899 | I54: 179012804 | J54: =+H54-I54 -> 41310095
A55: R&R | B55: DSM2405-R01 | C55: 4303924501144X | E55: 45459 | F55: =VLOOKUP(E55,환율!$A$1798:$B$2033,2,) -> 1371 | G55: =H55/F55 -> 8855.7826 | H55: 12141278
B56: DSM2405-R02 | C56: 4107224501921X | E56: 45480 | F56: =VLOOKUP(E56,환율!$A$1798:$B$2033,2,) -> 1381.9 | G56: =H56/F56 -> 11218.793 | H56: 15503250
A57: 소계 | G57: =SUM(G55:G56) -> 20074.576 | H57: =SUM(H55:H56) -> 27644528 | I57: 32467346 | J57: =+H57-I57 -> -4822818
A58: SAM | B58: DSM2405-SM01 | C58: 4112924050134X | D58: 45419 | E58: 45434 | F58: =VLOOKUP(E58,환율!$A$1798:$B$2033,2,) -> 1364.4 | G58: 43423.6 | H58: =ROUNDDOWN(G58*F58,0) -> 59247159
B59: DSM2405-SM02 | C59: 4112924060044X | D59: 45442 | E59: 45458 | F59: =VLOOKUP(E59,환율!$A$1798:$B$2033,2,) -> 1371 | G59: 39476 | H59: =ROUNDDOWN(G59*F59,0) -> 54121596
A60: 소계 | G60: =SUM(G58:G59) -> 82899.6 | H60: =SUM(H58:H59) -> 113368755 | I60: 102634441 | J60: =+H60-I60 -> 10734314
A61: SEASTAR | B61: DSM2405-SE01 | C61: 4107224501432X | D61: 45415 | E61: 45430 | F61: =VLOOKUP(E61,환율!$A$1798:$B$2033,2,) -> 1349.4 | G61: 14242.4 | H61: =ROUNDDOWN(G61*F61,0) -> 19218694
A62: 소계 | G62: =SUM(G61:G61) -> 14242.4 | H62: =SUM(H61:H61) -> 19218694 | I62: 0 | J62: =+H62-I62 -> 19218694
A63: Emerson | B63: DSM2405-EM01 | C63: 4107224501374X | D63: 45411 | E63: 45415 | F63: =VLOOKUP(E63,환율!$A$1798:$B$2033,2,) -> 1378.5 | G63: 3180.17 | H63: =ROUNDDOWN(G63*F63,0) -> 4383864
B64: DSM2405-EM02 | C64: 4107224501375X | D64: 45413 | E64: 45415 | F64: =VLOOKUP(E64,환율!$A$1798:$B$2033,2,) -> 1378.5 | G64: 172.88 | H64: =ROUNDDOWN(G64*F64,0) -> 238315
B65: DSM2405-EM03 | C65: 4107224501411X | D65: 45415 | E65: 45422 | F65: =VLOOKUP(E65,환율!$A$1798:$B$2033,2,) -> 1367.9 | G65: 776.25 | H65: =ROUNDDOWN(G65*F65,0) -> 1061832
B66: DSM2405-EM04 | C66: 4107224501409X | D66: 45415 | E66: 45426 | F66: =VLOOKUP(E66,환율!$A$1798:$B$2033,2,) -> 1370.1 | G66: 1790 | H66: =ROUNDDOWN(G66*F66,0) -> 2452479
B67: DSM2405-EM05 | C67: 4107224501471X | D67: 45415 | E67: 45425 | F67: =VLOOKUP(E67,환율!$A$1798:$B$2033,2,) -> 1367.9 | G67: 141.02 | H67: =ROUNDDOWN(G67*F67,0) -> 192901
B68: DSM2405-EM06 | C68: 4107224501488X | D68: 45425 | E68: 45433 | F68: =VLOOKUP(E68,환율!$A$1798:$B$2033,2,) -> 1356.2 | G68: 9609.68 | H68: =ROUNDDOWN(G68*F68,0) -> 13032648
B69: DSM2405-EM07 | C69: 4107224501563X | D69: 45434 | E69: 45434 | F69: =VLOOKUP(E69,환율!$A$1798:$B$2033,2,) -> 1364.4 | G69: 4918.94 | H69: =ROUNDDOWN(G69*F69,0) -> 6711401
B70: DSM2405-EM09 | C70: 4107224501501X | D70: 45427 | E70: 45433 | F70: =VLOOKUP(E70,환율!$A$1798:$B$2033,2,) -> 1356.2 | G70: 28763.91 | H70: =ROUNDDOWN(G70*F70,0) -> 39009614
B71: DSM2405-EM10 | C71: 4107224501522X | D71: 45420 | E71: 45430 | F71: =VLOOKUP(E71,환율!$A$1798:$B$2033,2,) -> 1349.4 | G71: 2723.5 | H71: =ROUNDDOWN(G71*F71,0) -> 3675090
A72: 소계 | G72: =SUM(G63:G71) -> 52076.35 | H72: =SUM(H63:H71) -> 70758144 | I72: 84630290 | J72: =+H72-I72 -> -13872146
A73: AMAT | B73: DSM2405-AM01 | C73: 2057624050185X | D73: 45425 | E73: 45428 | F73: =VLOOKUP(E73,환율!$A$1798:$B$2033,2,) -> 1369 | G73: 12415.83 | H73: =ROUNDDOWN(G73*F73,0) -> 16997271
B74: DSM2405-AM02 | C74: 2057624050456X | D74: 45434 | E74: 45436 | F74: =VLOOKUP(E74,환율!$A$1798:$B$2033,2,) -> 1364.5 | G74: 24831.66 | H74: =ROUNDDOWN(G74*F74,0) -> 33882800
B75: DSM2405-AM03 | C75: 2057624050617X | D75: 45441 | E75: 45445 | F75: =VLOOKUP(E75,환율!$A$1798:$B$2033,2,) -> 1376.5 | G75: 17736.9 | H75: =ROUNDDOWN(G75*F75,0) -> 24414842
A76: 소계 | G76: =SUM(G73:G75) -> 54984.39 | H76: =SUM(H73:H75) -> 75294913 | I76: 41535207 | J76: =+H76-I76 -> 33759706
A77: SINKO IND LTD (신코) | B77: DSM2404-SK06 | C77: 4107224501350X | E77: 45415 | F77: 8.9992 | G77: 17681260 | H77: =ROUNDDOWN(G77*F77,0) -> 159117194
B78: DSM2405-SK01 | C78: 4107224501446X | E78: 45423 | F78: 8.8053 | G78: 7396560 | H78: =ROUNDDOWN(G78*F78,0) -> 65128929
B79: DSM2405-SK02 | C79: 4107224200735X | E79: 45427 | F79: 8.7695 | G79: 7469600 | H79: =ROUNDDOWN(G79*F79,0) -> 65504657
B80: DSM2405-SK03 | C80: 4107224501516X | E80: 45432 | F80: 8.7025 | G80: 7043784 | H80: =ROUNDDOWN(G80*F80,0) -> 61298530
B81: DSM2405-SK04 | C81: 4107224501604X | E81: 45441 | F81: 8.6471 | G81: 10686560 | H81: =ROUNDDOWN(G81*F81,0) -> 92407752
B82: DSM2405-SK05 | C82: 4107224501603X | E82: 45441 | F82: 8.6471 | G82: 7636534 | H82: =ROUNDDOWN(G82*F82,0) -> 66033873
B83: DSM2405-SK06 | C83: 4107224501688X | E83: 45448 | F83: 8.8676 | G83: 15549751 | H83: =ROUNDDOWN(G83*F83,0) -> 137888971
B84: DSM2405-SK07 | C84: 4107224501689X | E84: 45448 | F84: 8.8676 | G84: 14648902 | H84: =ROUNDDOWN(G84*F84,0) -> 129900603
A85: 소계 | G85: =SUM(G77:G84) -> 88112951 | H85: =SUM(H77:H84) -> 777280509 | I85: 718444749 | J85: =+H85-I85 -> 58835760
A86: ATLAS COPCO | B86: DSM2405-AT01 | E86: 45422 | F86: =VLOOKUP(E86,환율!$A$1798:$B$2033,2,) -> 1367.9 | G86: =H86/F86 -> 17310.505 | H86: 23679040
B87: DSM2405-AT02 | E87: 45433 | F87: =VLOOKUP(E87,환율!$A$1798:$B$2033,2,) -> 1356.2 | G87: =H87/F87 -> 1335.3731 | H87: 1811033
A88: 소계 | G88: =SUM(G86:G87) -> 18645.878 | H88: =SUM(H86:H87) -> 25490073 | I88: 21526400 | J88: =+H88-I88 -> 3963673
A89: 당월 => 익월로 이월 | F89: 총계 | G89: 물품대 | H89: =+H91-H90 -> 4582941959 | I89: 4884269308 | J89: =+H89-I89 -> -301327349
A90: 구분 | B90: 이월금액 | C90: 구분 | E90: 이월금액 | G90: Tooling외 | H90: =+H87+H20 -> 13730903 | I90: 33175101 | J90: =+H90-I90 -> -19444198
A91: Allison | B91: =SUM(H14:H15) -> 1121841648 | C91: NIKKISO | E91: 0 | G91: 합계 | H91: =SUM(H16,H29,H51,H54,H57,H60,H62,H72,H76,H85,H88) -> 4596672862 | I91: 4917444409 | J91: =+H91-I91 -> -320771547
A92: Polaris | B92: =SUM(H21:H28) -> 228025992 | C92: SEASTAR | E92: 0 | F92: 구분 | G92: 04월 이월분 | H92: 05월 당월분 | I92: 06월 이월분 | J92: 국외 매출 최종
A93: Mercury | B93: =SUM(H42:H50) -> 590579162 | C93: Emerson | E93: =SUM(#REF!) -> #REF! | F93: 창원공장 | G93: 0 | H93: =SUM(H77:H82) -> 509490935 | I93: =SUM(H83:H84) -> 267789574 | J93: =SUM(G93:H93) -> 509490935
A94: Mercury China | B94: 0 | C94: AMAT | E94: =SUM(H75) -> 24414842 | F94: 마산1공장 | G94: =660096116+31950785 -> 692046901 | H94: =SUM(H17:H20,H30:H41,H52:H53,H61) -> 1067329579 | I94: =SUM(H21:H28,H42:H50,H55:H56) -> 846249682 | J94: =SUM(G94:H94) -> 1759376480
A95: NorthStar | B95: 0 | C95: SAM | E95: =SUM(H59) -> 54121596 | F95: 마산2공장 | G95: 548121612 | H95: =SUM(H13) -> 499059559 | I95: =SUM(H14:H15) -> 1121841648 | J95: =SUM(G95:H95) -> 1047181171
A96: R&R | B96: =SUM(H55:H56) -> 27644528 | C96: SHINKO IND LTD | E96: =SUM(H83:H84) -> 267789574 | F96: 마산3공장 | G96: =114258407-571104 -> 113687303 | H96: =SUM(H73:H74,H63:H71,H58) -> 180885374 | I96: =SUM(H75,H59) -> 78536438 | J96: =SUM(G96:H96) -> 294572677
A97: 기타 | F97: 과세매출(국내매출) | H97: =H88 -> 25490073 | J97: =SUM(G97:H97) -> 25490073
B98: 합계 | E98: =SUM(B91:B97,E91:E97) -> #REF! | F98: 총계 | G98: =SUM(G93:G97) -> 1353855816 | H98: =SUM(H93:H97) -> 2282255520 | I98: =SUM(I93:I97) -> 2314417342 | J98: =+G98+H98 -> 3636111336

Sheet 24.06 (갑)
A6: ※ 2024년 6월 마감내역 ※
A11: 거래처 | B11: Invoice | C11: 면장번호 | D11: 인보이스 날짜 | E11: BL일자 | F11: 환율 | G11: 금액
G12: 외화금액 | H12: 원화환산금액 | I12: 전월금액 | J12: 증감액
A13: Allison | B13: DSM2406-AL01 | C13: 4107224501788X | D13: 45457 | E13: 45471 | F13: =VLOOKUP(E13,환율!$A$1798:$B$2033,2,) -> 1389.2 | G13: 387693.5 | H13: =ROUNDDOWN(G13*F13,0) -> 538583810
B14: DSM2406-AL02 | C14: 4107224501863X | D14: 45464 | E14: 45472 | F14: =VLOOKUP(E14,환율!$A$1798:$B$2033,2,) -> 1389.2 | G14: 393275.94 | H14: =ROUNDDOWN(G14*F14,0) -> 546338935
B15: DSM2406-AL03 | C15: 4107224501942X | D15: 45471 | E15: 45481 | F15: =VLOOKUP(E15,환율!$A$1798:$B$2033,2,) -> 1379 | G15: 273512.02 | H15: =ROUNDDOWN(G15*F15,0) -> 377173075
C16: 소계 | G16: =SUM(G13:G15) -> 1054481.5 | H16: =SUM(H13:H15) -> 1462095820 | I16: 1624481407 | J16: =+H16-I16 -> -162385587
A17: Polaris | B17: 2406P01 | C17: 4107224501683X | D17: 45439 | E17: 45459 | F17: =VLOOKUP(E17,환율!$A$1798:$B$2033,2,) -> 1371 | G17: 569.41 | H17: =ROUNDDOWN(G17*F17,0) -> 780661
B18: 2406P02 | C18: 4107224501684X | D18: 45440 | E18: 45459 | F18: =VLOOKUP(E18,환율!$A$1798:$B$2033,2,) -> 1371 | G18: 84123.36 | H18: =ROUNDDOWN(G18*F18,0) -> 115333126
B19: 2406P03 | C19: 4107224501685X | D19: 45440 | E19: 45459 | F19: =VLOOKUP(E19,환율!$A$1798:$B$2033,2,) -> 1371 | G19: 286 | H19: =ROUNDDOWN(G19*F19,0) -> 392106
B20: 2406P04 | C20: 4107224501686X | D20: 45436 | E20: 45459 | F20: =VLOOKUP(E20,환율!$A$1798:$B$2033,2,) -> 1371 | G20: 12926.4 | H20: =ROUNDDOWN(G20*F20,0) -> 17722094
B21: 2406P05 | C21: 4107224501770X | D21: 45444 | E21: 45466 | F21: =VLOOKUP(E21,환율!$A$1798:$B$2033,2,) -> 1383.8 | G21: 22986 | H21: =ROUNDDOWN(G21*F21,0) -> 31808026
B22: 2406P06 | C22: 4107224501835X | D22: 45448 | E22: 45472 | F22: =VLOOKUP(E22,환율!$A$1798:$B$2033,2,) -> 1389.2 | G22: 64059.84 | H22: =ROUNDDOWN(G22*F22,0) -> 88991929
B23: 2406P07 | C23: 4107224501836X | D23: 45450 | E23: 45472 | F23: =VLOOKUP(E23,환율!$A$1798:$B$2033,2,) -> 1389.2 | G23: 277.1 | H23: =ROUNDDOWN(G23*F23,0) -> 384947
B24: 2406P08 | C24: 4107224501790X | D24: 45397 | E24: 45467 | F24: =VLOOKUP(E24,환율!$A$1798:$B$2033,2,) -> 1389.1 | G24: 12389.76 | H24: =ROUNDDOWN(G24*F24,0) -> 17210615
B25: 2406P12 | C25: 4107224501901X | D25: 45462 | E25: 45472 | F25: =VLOOKUP(E25,환율!$A$1798:$B$2033,2,) -> 1389.2 | G25: 8308.8 | H25: =ROUNDDOWN(G25*F25,0) -> 11542584
B26: 2406P09 | C26: 4107224501898X | D26: 45455 | E26: 45475 | F26: =VLOOKUP(E26,환율!$A$1798:$B$2033,2,) -> 1380.8 | G26: 28584 | H26: =ROUNDDOWN(G26*F26,0) -> 39468787
B27: 2406P10 | C27: 4107224501900X | D27: 45457 | E27: 45475 | F27: =VLOOKUP(E27,환율!$A$1798:$B$2033,2,) -> 1380.8 | G27: 84447.18 | H27: =ROUNDDOWN(G27*F27,0) -> 116604666
C28: 소계 | G28: =SUM(G17:G27) -> 318957.85 | H28: =SUM(H17:H27) -> 440239541 | I28: 394365836 | J28: =+H28-I28 -> 45873705
A29: Mercury | B29: DSM2406-01 | C29: 4107224200946X | D29: 45442 | E29: 45460 | F29: =VLOOKUP(E29,환율!$A$1798:$B$2033,2,) -> 1377.7 | G29: 108899.2 | H29: =ROUNDDOWN(G29*F29,0) -> 150030427
B30: DSM2406-02 | C30: 4107224501721X | D30: 45442 | E30: 45466 | F30: =VLOOKUP(E30,환율!$A$1798:$B$2033,2,) -> 1383.8 | G30: 23492 | H30: =ROUNDDOWN(G30*F30,0) -> 32508229
B31: DSM2406-03 | C31: 4107224501723X | D31: 45442 | E31: 45466 | F31: =VLOOKUP(E31,환율!$A$1798:$B$2033,2,) -> 1383.8 | G31: 14770.3 | H31: =ROUNDDOWN(G31*F31,0) -> 20439141
B32: DSM2406-04 | C32: 4107224501757X | D32: 45448 | E32: 45466 | F32: =VLOOKUP(E32,환율!$A$1798:$B$2033,2,) -> 1383.8 | G32: 40676.72 | H32: =ROUNDDOWN(G32*F32,0) -> 56288445
B33: DSM2406-05 | C33: 4107224501793X | D33: 45448 | E33: 45466 | F33: =VLOOKUP(E33,환율!$A$1798:$B$2033,2,) -> 1383.8 | G33: 110200 | H33: =ROUNDDOWN(G33*F33,0) -> 152494760
B34: DSM2406-06 | C34: 4107224501809X | D34: 45448 | E34: 45471 | F34: =VLOOKUP(E34,환율!$A$1798:$B$2033,2,) -> 1389.2 | G34: 65490.88 | H34: =ROUNDDOWN(G34*F34,0) -> 90979930
B35: DSM2406-07 | C35: 4107224501855X | D35: 45457 | E35: 45471 | F35: =VLOOKUP(E35,환율!$A$1798:$B$2033,2,) -> 1389.2 | G35: 93157.6 | H35: =ROUNDDOWN(G35*F35,0) -> 129414537
B36: DSM2406-08 | C36: 4107224501869X | D36: 45457 | E36: 45477 | F36: =VLOOKUP(E36,환율!$A$1798:$B$2033,2,) -> 1389.4 | G36: 69916 | H36: =ROUNDDOWN(G36*F36,0) -> 97141290
B37: DSM2406-09 | C37: 4107224501870X | D37: 45459 | E37: 45476 | F37: =VLOOKUP(E37,환율!$A$1798:$B$2033,2,) -> 1387.4 | G37: 2282.4 | H37: =ROUNDDOWN(G37*F37,0) -> 3166601
B38: DSM2406-10 | C38: 4107224501966X | D38: 45467 | E38: 45479 | F38: =VLOOKUP(E38,환율!$A$1798:$B$2033,2,) -> 1381.9 | G38: 94449.6 | H38: =ROUNDDOWN(G38*F38,0) -> 130519902
B39: DSM2406-11 | C39: 4107224501977X | D39: 45467 | E39: 45487 | F39: =VLOOKUP(E39,환율!$A$1798:$B$2033,2,) -> 1380.1 | G39: 23607.71 | H39: =ROUNDDOWN(G39*F39,0) -> 32581000
B40: DSM2406-12 | C40: 4107224501978X | D40: 45469 | E40: 45483 | F40: =VLOOKUP(E40,환율!$A$1798:$B$2033,2,) -> 1383.4 | G40: 23025.52 | H40: =ROUNDDOWN(G40*F40,0) -> 31853504
C41: 소계 | G41: =SUM(G29:G40) -> 669967.93 | H41: =SUM(H29:H40) -> 927417766 | I41: 1251716894 | J41: =+H41-I41 -> -324299128
A42: Mercury China | B42: DSM2406-MC01 | C42: 4107224501606X | D42: 45439 | E42: 45444 | F42: =VLOOKUP(E42,환율!$A$1798:$B$2033,2,) -> 1376.5 | G42: 112025.52 | H42: =ROUNDDOWN(G42*F42,0) -> 154203128
B43: DSM2406-MC02 | C43: 4107224501714X | D43: 45447 | E43: 45451 | F43: =VLOOKUP(E43,환율!$A$1798:$B$2033,2,) -> 1371.5 | G43: 60685.2 | H43: =ROUNDDOWN(G43*F43,0) -> 83229751
B44: DSM2406-MC03 | C44: 4107224501810X | D44: 45459 | E44: 45464 | F44: =VLOOKUP(E44,환율!$A$1798:$B$2033,2,) -> 1383.8 | G44: 128835.89 | H44: =ROUNDDOWN(G44*F44,0) -> 178283104
C45: 소계 | G45: =SUM(G42:G44) -> 301546.61 | H45: =SUM(H42:H44) -> 415715983 | I45: 220322899 | J45: =+H45-I45 -> 195393084
A46: R&R | B46: DSM2406-R01 | C46: 4107224502176X | D46: 45464 | E46: 45500 | F46: 1385.4 | G46: =H46/F46 -> 57694.714 | H46: 79930257
C47: 소계 | G47: =SUM(G46:G46) -> 57694.714 | H47: =SUM(H46:H46) -> 79930257 | I47: 27644528 | J47: =+H47-I47 -> 52285729
A48: SAM | B48: DSM2406-SM01 | C48: 4112924060150X | D48: 45459 | E48: 45471 | F48: =VLOOKUP(E48,환율!$A$1798:$B$2033,2,) -> 1389.2 | G48: 39476 | H48: =ROUNDDOWN(G48*F48,0) -> 54840059
C49: 소계 | G49: =SUM(G48:G48) -> 39476 | H49: =SUM(H48:H48) -> 54840059 | I49: 113368755 | J49: =+H49-I49 -> -58528696
A50: SEASTAR | B50: DSM2406-SE01 | C50: 4107224501842X | D50: 45453 | E50: 45469 | F50: =VLOOKUP(E50,환율!$A$1798:$B$2033,2,) -> 1386.4 | G50: 8427.4 | H50: =ROUNDDOWN(G50*F50,0) -> 11683747
C51: 소계 | G51: =SUM(G50:G50) -> 8427.4 | H51: =SUM(H50:H50) -> 11683747 | I51: 19218694 | J51: =+H51-I51 -> -7534947
A52: Emerson | B52: DSM2406-EM01 | C52: 4107224501620X | D52: 45440 | E52: 45444 | F52: =VLOOKUP(E52,환율!$A$1798:$B$2033,2,) -> 1376.5 | G52: 1833.82 | H52: =ROUNDDOWN(G52*F52,0) -> 2524253
B53: DSM2406-EM02 | C53: 4107224501633X | D53: 45441 | E53: 45444 | F53: =VLOOKUP(E53,환율!$A$1798:$B$2033,2,) -> 1376.5 | G53: 4638.88 | H53: =ROUNDDOWN(G53*F53,0) -> 6385418
B54: DSM2406-EM03 | C54: 4107224501631X | D54: 45441 | E54: 45446 | F54: =VLOOKUP(E54,환율!$A$1798:$B$2033,2,) -> 1381.6 | G54: 1651.08 | H54: =ROUNDDOWN(G54*F54,0) -> 2281132
B55: DSM2406-EM04 | C55: 4107224501661X | D55: 45441 | E55: 45452 | F55: =VLOOKUP(E55,환율!$A$1798:$B$2033,2,) -> 1371.5 | G55: 17638.2 | H55: =ROUNDDOWN(G55*F55,0) -> 24190791
B56: DSM2406-EM05 | C56: 4107224501719X | D56: 45448 | E56: 45458 | F56: =VLOOKUP(E56,환율!$A$1798:$B$2033,2,) -> 1371 | G56: 553.46 | H56: =ROUNDDOWN(G56*F56,0) -> 758793
B57: DSM2406-EM06 | C57: 4107224501664X | D57: 45434 | E57: 45450 | F57: =VLOOKUP(E57,환율!$A$1798:$B$2033,2,) -> 1371.5 | G57: 2562 | H57: =ROUNDDOWN(G57*F57,0) -> 3513783
B58: DSM2406-EM07 | C58: 4107224501774X | D58: 45449 | E58: 45464 | F58: =VLOOKUP(E58,환율!$A$1798:$B$2033,2,) -> 1383.8 | G58: 1150.79 | H58: =ROUNDDOWN(G58*F58,0) -> 1592463
B59: DSM2406-EM08 | C59: 4122124903243X | D59: 45442 | E59: 45466 | F59: =VLOOKUP(E59,환율!$A$1798:$B$2033,2,) -> 1383.8 | G59: 14924.78 | H59: =ROUNDDOWN(G59*F59,0) -> 20652910
B60: DSM2406-EM09 | C60: 4107224501783X | D60: 45457 | E60: 45457 | F60: =VLOOKUP(E60,환율!$A$1798:$B$2033,2,) -> 1371 | G60: 3268.2 | H60: =ROUNDDOWN(G60*F60,0) -> 4480702
B61: DSM2406-EM10 | C61: 4107224501843X | D61: 45460 | E61: 45464 | F61: =VLOOKUP(E61,환율!$A$1798:$B$2033,2,) -> 1383.8 | G61: 2562 | H61: =ROUNDDOWN(G61*F61,0) -> 3545295
B62: DSM2406-EM12 | C62: 4107224501885X | D62: 45436 | E62: 45468 | F62: =VLOOKUP(E62,환율!$A$1798:$B$2033,2,) -> 1389.7 | G62: 2938.3 | H62: =ROUNDDOWN(G62*F62,0) -> 4083355
B63: DSM2406-EM11 | C63: 4107224501884X | D63: 45467 | E63: 45476 | F63: =VLOOKUP(E63,환율!$A$1798:$B$2033,2,) -> 1387.4 | G63: 3843 | H63: =ROUNDDOWN(G63*F63,0) -> 5331778
G64: =SUM(G52:G63) -> 57564.51 | H64: =SUM(H52:H63) -> 79340673 | I64: 70758144 | J64: =+H64-I64 -> 8582529
A65: AMAT | B65: DSM2406-AM01 | C65: 2057624060216X | D65: 45455 | E65: 45458 | F65: =VLOOKUP(E65,환율!$A$1798:$B$2033,2,) -> 1371 | G65: 24831.66 | H65: =ROUNDDOWN(G65*F65,0) -> 34044205
B66: DSM2406-AM02 | C66: 2057624060353X | D66: 45462 | E66: 45465 | F66: =VLOOKUP(E66,환율!$A$1798:$B$2033,2,) -> 1383.8 | G66: 17736.9 | H66: =ROUNDDOWN(G66*F66,0) -> 24544322
B67: DSM2406-AM03 | C67: 2057624060530X | D67: 45469 | E67: 45471 | F67: =VLOOKUP(E67,환율!$A$1798:$B$2033,2,) -> 1389.2 | G67: 14189.52 | H67: =ROUNDDOWN(G67*F67,0) -> 19712081
G68: =SUM(G65:G67) -> 56758.08 | H68: =SUM(H65:H67) -> 78300608 | I68: 75294913 | J68: =+H68-I68 -> 3005695
A69: SINKO IND LTD (신코) | B69: DSM2406-SK01 | C69: 4107224200959X | E69: 45452 | F69: 8.8154 | G69: 10443458 | H69: =ROUNDDOWN(G69*F69,0) -> 92063259
B70: DSM2406-SK02 | C70: 4107224501789X | E70: 45458 | F70: 8.7258 | G70: 7769352 | H70: =ROUNDDOWN(G70*F70,0) -> 67793811
B71: DSM2406-SK03 | C71: 4107224501881X | E71: 45469 | F71: 8.6826 | G71: 16310840 | H71: =ROUNDDOWN(G71*F71,0) -> 141620499
B72: DSMABS2406-SK08 | E72: 45469 | F72: 8.6826 | G72: 470000 | H72: =ROUNDDOWN(G72*F72,0) -> 4080822
B73: DSMABS2406-SK09 | E73: 45469 | F73: 8.6826 | G73: 481000 | H73: =ROUNDDOWN(G73*F73,0) -> 4176330
B74: DSMDNV2406-SK07 | E74: 45469 | F74: 8.6826 | G74: 463000 | H74: =ROUNDDOWN(G74*F74,0) -> 4020043
B75: DSMLR2406-SK10 | E75: 45469 | F75: 8.6826 | G75: 168000 | H75: =ROUNDDOWN(G75*F75,0) -> 1458676
B76: DSM2406-SK04 | C76: 4107224501963X | E76: 45476 | F76: 8.5942 | G76: 8199011 | H76: =ROUNDDOWN(G76*F76,0) -> 70463940
B77: DSM2406-SK05 | C77: 4107224501964X | E77: 45476 | F77: 8.5942 | G77: 6383548 | H77: =ROUNDDOWN(G77*F77,0) -> 54861488
B78: DSM2406-SK06 | C78: 4107224501965X | E78: 45476 | F78: 8.5942 | G78: 10718784 | H78: =ROUNDDOWN(G78*F78,0) -> 92119373
C79: 소계 | G79: =SUM(G69:G78) -> 61406993 | H79: =SUM(H69:H78) -> 532658241 | I79: 777280509 | J79: =+H79-I79 -> -244622268
A80: ATLAS COPCO | B80: DSM2405-AT01 | E80: 45455 | F80: =VLOOKUP(E80,환율!$A$1798:$B$2033,2,) -> 1377.4 | G80: =H80/F80 -> 17191.114 | H80: 23679040
B81: DSM2405-AT02 | E81: 45448 | F81: =VLOOKUP(E81,환율!$A$1798:$B$2033,2,) -> 1373.1 | G81: =H81/F81 -> 17244.949 | H81: 23679040
B82: DSM2405-AT03 | E82: 45474 | F82: =VLOOKUP(E82,환율!$A$1798:$B$2033,2,) -> 1382.4 | G82: =H82/F82 -> 17128.935 | H82: 23679040
C83: 소계 | G83: =SUM(G80:G81) -> 34436.063 | H83: =SUM(H80:H81) -> 47358080 | I83: 21526400 | J83: =+H83-I83 -> 25831680
A84: 당월 => 익월로 이월 | F84: 총계 | G84: 물품대 | H84: =+H86-H85 -> 4115844904 | I84: 4586211749 | J84: =+H84-I84 -> -470366845
A85: 구분 | B85: 이월금액 | C85: 구분 | E85: 이월금액 | G85: Tooling외 | H85: =SUM(H72:H75) -> 13735871 | I85: 13730903 | J85: =+H85-I85 -> 4968
A86: Allison | B86: =SUM(H15) -> 377173075 | C86: NIKKISO | E86: 0 | G86: 합계 | H86: =SUM(H16,H28,H41,H45,H47,H49,H51,H64,H68,H79,H83) -> 4129580775 | I86: 4599942652 | J86: =+H86-I86 -> -470361877
A87: Polaris | B87: =SUM(H26:H27) -> 156073453 | C87: SEASTAR | E87: 0 | F87: 구분 | G87: 05월 이월분 | H87: 06월 당월분 | I87: 07월 이월분 | J87: 국외 매출 최종
A88: Mercury | B88: =SUM(H36:H40) -> 295262297 | C88: Emerson | E88: =SUM(H63) -> 5331778 | F88: 창원공장 | G88: 267789574 | H88: =SUM(H69:H75) -> 315213440 | I88: =SUM(H76:H78) -> 217444801 | J88: =SUM(G88:H88) -> 583003014
A89: Mercury China | B89: 0 | C89: AMAT | E89: 0 | F89: 마산1공장 | G89: =830436022+310410 -> 830746432 | H89: =SUM(H17:H25,H29:H35,H42:H44,H50) -> 1343721287 | I89: =SUM(H46,H36:H40,H26:H27) -> 531266007 | J89: =SUM(G89:H89) -> 2174467719
A90: NorthStar | B90: 0 | C90: SAM | E90: 0 | F90: 마산2공장 | G90: =1125421848-3580200 -> 1121841648 | H90: =SUM(H13:H14) -> 1084922745 | I90: =SUM(H15) -> 377173075 | J90: =SUM(G90:H90) -> 2206764393
A91: R&R | B91: =SUM(H46) -> 79930257 | C91: SHINKO IND LTD | E91: =SUM(H76:H78) -> 217444801 | F91: 마산3공장 | G91: 78536438 | H91: =SUM(H65:H67,H52:H62,H48) -> 207149562 | I91: =SUM(H63) -> 5331778 | J91: =SUM(G91:H91) -> 285686000
A92: 기타 | B92: =H82 -> 23679040 | F92: 과세매출(국내매출) | H92: =H83 -> 47358080 | J92: =SUM(G92:H92) -> 47358080
B93: 합계 | E93: =SUM(B86:B92,E86:E92) -> 1154894701 | F93: 총계 | G93: 2302183882 | H93: =SUM(H88:H92) -> 2998365114 | I93: =SUM(I88:I92) -> 1131215661 | J93: =+G93+H93 -> 5300548996

Sheet 24.07 (갑) 
A6: ※ 2024년 7월 마감내역 ※
A11: 거래처 | B11: Invoice | C11: 면장번호 | D11: 인보이스 날짜 | E11: BL일자 | F11: 환율 | G11: 금액
G12: 외화금액 | H12: 원화환산금액 | I12: 전월금액 | J12: 증감액
A13: Allison | B13: DSM2407-AL01 | C13: 4107224502110X | E13: 45493 | F13: =VLOOKUP(E13,환율!$A$1798:$B$2033,2,) -> 1379.9 | G13: 384460.73 | H13: =ROUNDDOWN(G13*F13,0) -> 530517361
B14: DSM2407-AL02 | C14: 4107224502212X | E14: 45501 | F14: =VLOOKUP(E14,환율!$A$1798:$B$2194,2,) -> 1385.4 | G14: 385470.94 | H14: =ROUNDDOWN(G14*F14,0) -> 534031440
A15: 소계 | G15: =SUM(G13:G14) -> 769931.67 | H15: =SUM(H13:H14) -> 1064548801 | I15: 1462095820 | J15: =+H15-I15 -> -397547019
A16: Polaris | B16: 2407P01 | C16: 4107224502036X | E16: 45491 | F16: =VLOOKUP(E16,환율!$A$1798:$B$2194,2,) -> 1381.5 | G16: 62353.44 | H16: =ROUNDDOWN(G16*F16,0) -> 86141277
B17: 2407P02 | C17: 4107224201235X | E17: 45488 | F17: =VLOOKUP(E17,환율!$A$1798:$B$2194,2,) -> 1376.3 | G17: 28177.92 | H17: =ROUNDDOWN(G17*F17,0) -> 38781271
B18: 2407P03 | C18: 4107224502037X | E18: 45491 | F18: =VLOOKUP(E18,환율!$A$1798:$B$2194,2,) -> 1381.5 | G18: 400.17 | H18: =ROUNDDOWN(G18*F18,0) -> 552834
B19: 2407P04 | C19: 4107224502038X | E19: 45491 | F19: =VLOOKUP(E19,환율!$A$1798:$B$2194,2,) -> 1381.5 | G19: 845.7 | H19: =ROUNDDOWN(G19*F19,0) -> 1168334
B20: 2407P05 | C20: 4107224502039X | E20: 45491 | F20: =VLOOKUP(E20,환율!$A$1798:$B$2194,2,) -> 1381.5 | G20: 516.4 | H20: =ROUNDDOWN(G20*F20,0) -> 713406
B21: 2407P07 | C21: 4107224502194X | E21: 45502 | F21: =VLOOKUP(E21,환율!$A$1798:$B$2194,2,) -> 1385.4 | G21: 53265.6 | H21: =ROUNDDOWN(G21*F21,0) -> 73794162
B22: 2407P09 | C22: 4107224502177X | E22: 45503 | F22: =VLOOKUP(E22,환율!$A$1798:$B$2194,2,) -> 1382 | G22: 1423.94 | H22: =ROUNDDOWN(G22*F22,0) -> 1967885
B23: 2407P06 | C23: 4107224502284X | E23: 45517 | F23: =VLOOKUP(E23,환율!$A$1798:$B$2194,2,) -> 1367.7 | G23: 18914.4 | H23: =ROUNDDOWN(G23*F23,0) -> 25869224
B24: 2407P08 | C24: 4107224502134X | E24: 45507 | F24: =VLOOKUP(E24,환율!$A$1798:$B$2194,2,) -> 1365.9 | G24: 9430.56 | H24: =ROUNDDOWN(G24*F24,0) -> 12881201
B25: 2407P01TC | E25: 45485 | F25: =VLOOKUP(E25,환율!$A$1798:$B$2194,2,) -> 1380.1 | G25: 2006 | H25: =ROUNDDOWN(G25*F25,0) -> 2768480
B26: 2407P02TC | E26: 45475 | F26: =VLOOKUP(E26,환율!$A$1798:$B$2194,2,) -> 1380.8 | G26: 10880 | H26: =ROUNDDOWN(G26*F26,0) -> 15023104
B27: 2407P03TC | E27: 45475 | F27: =VLOOKUP(E27,환율!$A$1798:$B$2194,2,) -> 1380.8 | G27: 10880 | H27: =ROUNDDOWN(G27*F27,0) -> 15023104
B28: 2407P139TA | E28: 45490 | F28: =VLOOKUP(E28,환율!$A$1798:$B$2194,2,) -> 1386 | G28: 9867 | H28: =ROUNDDOWN(G28*F28,0) -> 13675662
B29: 2407P140TA | E29: 45490 | F29: =VLOOKUP(E29,환율!$A$1798:$B$2194,2,) -> 1386 | G29: 9867 | H29: =ROUNDDOWN(G29*F29,0) -> 13675662
B30: 2407P436TA | E30: 45490 | F30: =VLOOKUP(E30,환율!$A$1798:$B$2194,2,) -> 1386 | G30: 10890 | H30: =ROUNDDOWN(G30*F30,0) -> 15093540
B31: 2407P563TA | E31: 45490 | F31: =VLOOKUP(E31,환율!$A$1798:$B$2194,2,) -> 1386 | G31: 8728.5 | H31: =ROUNDDOWN(G31*F31,0) -> 12097701
A32: 소계 | G32: =SUM(G16:G31) -> 238446.63 | H32: =SUM(H16:H31) -> 329226847 | I32: 440239541 | J32: =+H32-I32 -> -111012694
A33: Mercury | B33: DSM2407-01 | C33: 4107224502006X | E33: 45501 | F33: 1385.4 | G33: 7164.2 | H33: =ROUNDDOWN(G33*F33,0) -> 9925282
B34: DSM2407-02 | C34: 4107224502007X | E34: 45486 | F34: =VLOOKUP(E34,환율!$A$1798:$B$2033,2,) -> 1380.1 | G34: 100924.67 | H34: =ROUNDDOWN(G34*F34,0) -> 139286137
B35: DSM2407-03 | C35: 4107224201215X | E35: 45483 | F35: =VLOOKUP(E35,환율!$A$1798:$B$2033,2,) -> 1383.4 | G35: 69532.04 | H35: =ROUNDDOWN(G35*F35,0) -> 96190624
B36: DSM2407-04 | C36: 4107224502000X | E36: 45478 | F36: =VLOOKUP(E36,환율!$A$1798:$B$2033,2,) -> 1381.9 | G36: 1629.36 | H36: =ROUNDDOWN(G36*F36,0) -> 2251612
B37: DSM2407-05 | C37: 4107224501989X | E37: 45476 | F37: =VLOOKUP(E37,환율!$A$1798:$B$2033,2,) -> 1387.4 | G37: 190.2 | H37: =ROUNDDOWN(G37*F37,0) -> 263883
B38: DSM2407-06 | C38: 4107224502008X | E38: 45501 | F38: =VLOOKUP(E38,환율!$A$1798:$B$2194,2,) -> 1385.4 | G38: 3216.96 | H38: =ROUNDDOWN(G38*F38,0) -> 4456776
B39: DSM2407-07 | C39: 4107224502009X | E39: 45493 | F39: =VLOOKUP(E39,환율!$A$1798:$B$2194,2,) -> 1379.9 | G39: 5040 | H39: =ROUNDDOWN(G39*F39,0) -> 6954696
B40: DSM2407-08 | C40: 4107224502113X | E40: 45493 | F40: =VLOOKUP(E40,환율!$A$1798:$B$2194,2,) -> 1379.9 | G40: 106314.36 | H40: =ROUNDDOWN(G40*F40,0) -> 146703185
B41: DSM2407-09 | C41: 4107224502114X | E41: 45498 | F41: =VLOOKUP(E41,환율!$A$1798:$B$2194,2,) -> 1385.1 | G41: 45949.6 | H41: =ROUNDDOWN(G41*F41,0) -> 63644790
B42: DSM2407-11 | C42: 4107224502178X | E42: 45499 | F42: =VLOOKUP(E42,환율!$A$1798:$B$2194,2,) -> 1385.4 | G42: 52511.9 | H42: =ROUNDDOWN(G42*F42,0) -> 72749986
B43: DSM2407-PS01 | C43: 4107224201221X | E43: 45479 | F43: =VLOOKUP(E43,환율!$A$1798:$B$2194,2,) -> 1381.9 | G43: 914.02 | H43: =ROUNDDOWN(G43*F43,0) -> 1263084
B44: DSM2407-10 | C44: 4107224502073X | E44: 45506 | F44: =VLOOKUP(E44,환율!$A$1798:$B$2194,2,) -> 1365.9 | G44: 7930 | H44: =ROUNDDOWN(G44*F44,0) -> 10831587
B45: DSM2407-12 | C45: 4107224502179X | E45: 45506 | F45: =VLOOKUP(E45,환율!$A$1798:$B$2194,2,) -> 1365.9 | G45: 45949.6 | H45: =ROUNDDOWN(G45*F45,0) -> 62762558
B46: DSM2407-13 | C46: 4107224502237X | E46: 45509 | F46: =VLOOKUP(E46,환율!$A$1798:$B$2194,2,) -> 1372.8 | G46: 78708 | H46: =ROUNDDOWN(G46*F46,0) -> 108050342
B47: DSM2407-14 | C47: 4107224502238X | E47: 45512 | F47: =VLOOKUP(E47,환율!$A$1798:$B$2194,2,) -> 1376.4 | G47: 11746 | H47: =ROUNDDOWN(G47*F47,0) -> 16167194
B48: DSM2407-15 | C48: 4107224502234X | E48: 45506 | F48: =VLOOKUP(E48,환율!$A$1798:$B$2194,2,) -> 1365.9 | G48: 8540 | H48: =ROUNDDOWN(G48*F48,0) -> 11664786
B49: DSM2407-01TA | E49: 45482 | F49: =VLOOKUP(E49,환율!$A$1798:$B$2194,2,) -> 1379.4 | G49: 82800 | H49: =ROUNDDOWN(G49*F49,0) -> 114214320
A50: 소계 | G50: =SUM(G33:G49) -> 629060.91 | H50: =SUM(H33:H49) -> 867380842 | I50: 927262870 | J50: =+H50-I50 -> -59882028
A51: Mercury China | B51: DSM2407-MC01 | C51: 4107224502003X | E51: 45481 | F51: =VLOOKUP(E51,환율!$A$1798:$B$2033,2,) -> 1379 | G51: 109345.64 | H51: =ROUNDDOWN(G51*F51,0) -> 150787637
B52: DSM2407-MC02 | C52: 4107224502103X | E52: 45487 | F52: =VLOOKUP(E52,환율!$A$1798:$B$2033,2,) -> 1380.1 | G52: 5778 | H52: =ROUNDDOWN(G52*F52,0) -> 7974217
B53: DSM2407-MC03 | C53: 4107224201353X | E53: 45496 | F53: =VLOOKUP(E53,환율!$A$1798:$B$2033,2,) -> 1388.6 | G53: 113683.44 | H53: =ROUNDDOWN(G53*F53,0) -> 157860824
A54: 소계 | G54: =SUM(G51:G53) -> 228807.08 | H54: =SUM(H51:H53) -> 316622678 | I54: 415715983 | J54: =+H54-I54 -> -99093305
A55: R&R | B55: DSM2407-R01 | C55: 4107224502348X | E55: 45516 | F55: =VLOOKUP(E55,환율!$A$1798:$B$2194,2,) -> 1369.4 | G55: =H55/F55 -> 8564.678 | H55: 11728470
B56: DSM2407-R02 | C56: 4107224502412X | E56: 45526 | F56: =VLOOKUP(E56,환율!$A$1798:$B$2194,2,) -> 1332.4 | G56: =H56/F56 -> 42958.952 | H56: 57238507
A57: 소계 | G57: =SUM(G55:G56) -> 51523.629 | H57: =SUM(H55:H56) -> 68966977 | I57: 79930257 | J57: =+H57-I57 -> -10963280
A58: SAM | B58: DSM2407-SM01 | C58: 4112924070237X | E58: 45505 | F58: =VLOOKUP(E58,환율!$A$1798:$B$2194,2,) -> 1380.1 | G58: 39476 | H58: =ROUNDDOWN(G58*F58,0) -> 54480827
A59: 소계 | G59: =SUM(G58:G58) -> 39476 | H59: =SUM(H58:H58) -> 54480827 | I59: 54840059 | J59: =+H59-I59 -> -359232
A60: SEASTAR | B60: DSM2407-SE01 | C60: 4107224502213X | E60: 45504 | F60: =VLOOKUP(E60,환율!$A$1798:$B$2194,2,) -> 1384.6 | G60: 13947.3 | H60: =ROUNDDOWN(G60*F60,0) -> 19311431
A61: 소계 | G61: =SUM(G60:G60) -> 13947.3 | H61: =SUM(H60:H60) -> 19311431 | I61: 11683747 | J61: =+H61-I61 -> 7627684
A62: Emerson | B62: DSM2407-EM01 | C62: 4107224501952X | E62: 45477 | F62: =VLOOKUP(E62,환율!$A$1798:$B$2194,2,) -> 1389.4 | G62: 1785.3 | H62: =ROUNDDOWN(G62*F62,0) -> 2480495
B63: DSM2407-EM02 | C63: 4107224501953X | E63: 45475 | F63: =VLOOKUP(E63,환율!$A$1798:$B$2194,2,) -> 1380.8 | G63: 394.26 | H63: =ROUNDDOWN(G63*F63,0) -> 544394
B64: DSM2407-EM03 | C64: 4107224501948X | E64: 45474 | F64: =VLOOKUP(E64,환율!$A$1798:$B$2194,2,) -> 1382.4 | G64: 699.68 | H64: =ROUNDDOWN(G64*F64,0) -> 967237
B65: DSM2407-EM04 | C65: 4107224201213X | E65: 45501 | F65: =VLOOKUP(E65,환율!$A$1798:$B$2194,2,) -> 1385.4 | G65: 8626 | H65: =ROUNDDOWN(G65*F65,0) -> 11950460
B66: DSM2407-EM05 | C66: 4107224201214X | E66: 45482 | F66: =VLOOKUP(E66,환율!$A$1798:$B$2194,2,) -> 1379.4 | G66: 1831.25 | H66: =ROUNDDOWN(G66*F66,0) -> 2526026
B67: DSM2407-EM06 | C67: 4107224502004X | E67: 45484 | F67: =VLOOKUP(E67,환율!$A$1798:$B$2194,2,) -> 1385.6 | G67: 2081.78 | H67: =ROUNDDOWN(G67*F67,0) -> 2884514
B68: DSM2407-EM07 | C68: 4107224502024X | E68: 45481 | F68: =VLOOKUP(E68,환율!$A$1798:$B$2194,2,) -> 1379 | G68: 1782.1 | H68: =ROUNDDOWN(G68*F68,0) -> 2457515
B69: DSM2407-EM08 | C69: 4107224502053X | E69: 45483 | F69: =VLOOKUP(E69,환율!$A$1798:$B$2194,2,) -> 1383.4 | G69: 1210.16 | H69: =ROUNDDOWN(G69*F69,0) -> 1674135
B70: DSM2407-EM09 | C70: 4107224502083X | E70: 45484 | F70: =VLOOKUP(E70,환율!$A$1798:$B$2194,2,) -> 1385.6 | G70: 6810.3 | H70: =ROUNDDOWN(G70*F70,0) -> 9436351
B71: DSM2407-EM10 | C71: 4107224502135X | E71: 45505 | F71: =VLOOKUP(E71,환율!$A$1798:$B$2194,2,) -> 1380.1 | G71: 1740.8 | H71: =ROUNDDOWN(G71*F71,0) -> 2402478 | K71: 45495
B72: DSM2407-EM11 | C72: 4107224502193X | E72: 45514 | F72: =VLOOKUP(E72,환율!$A$1798:$B$2194,2,) -> 1377.7 | G72: 12610 | H72: =ROUNDDOWN(G72*F72,0) -> 17372797
A73: 소계 | G73: =SUM(G62:G72) -> 39571.63 | H73: =SUM(H62:H72) -> 54696402 | I73: 79340673 | J73: =+H73-I73 -> -24644271
A74: AMAT | B74: DSM2407-AM01 | C74: 2057624070238X | E74: 45489 | F74: =VLOOKUP(E74,환율!$A$1798:$B$2033,2,) -> 1381.9 | G74: 1773.69 | H74: =ROUNDDOWN(G74*F74,0) -> 2451062
A75: 소계 | G75: =SUM(G74:G74) -> 1773.69 | H75: =SUM(H74:H74) -> 2451062 | I75: 78300608 | J75: =+H75-I75 -> -75849546
A76: SINKO IND LTD (신코) | B76: DSM2407-SK01 | C76: 4107224502017X | E76: 45479 | F76: 8.5686 | G76: 14408030 | H76: =ROUNDDOWN(G76*F76,0) -> 123456645
B77: DSM2407-SK02 | C77: 4107224502107X | E77: 45486 | F77: 8.6595 | G77: 9019940 | H77: =ROUNDDOWN(G77*F77,0) -> 78108170
B78: DSM2407-SK03 | C78: 4107224502108X | E78: 45486 | F78: 8.6595 | G78: 6003164 | H78: =ROUNDDOWN(G78*F78,0) -> 51984398
B79: DSM2407-SK04 | C79: 4107224201364X | E79: 45493 | F79: 8.7744 | G79: 5668034 | H79: =ROUNDDOWN(G79*F79,0) -> 49733597
B80: DSM2407-SK05 | C80: 4107224502251X | E80: 45500 | F80: 9.0192 | G80: 6710780 | H80: =ROUNDDOWN(G80*F80,0) -> 60525866
A81: 소계 | G81: =SUM(G76:G80) -> 41809948 | H81: =SUM(H76:H80) -> 363808676 | I81: 532658241 | J81: =+H81-I81 -> -168849565
A82: ATLAS COPCO | B82: DSM2407-AT01 | E82: 45474 | F82: =VLOOKUP(E82,환율!$A$1798:$B$2194,2,) -> 1382.4 | G82: =H82/F82 -> 15571.759 | H82: 21526400
B83: DSM2407-AT02 | E83: 45474 | F83: =VLOOKUP(E83,환율!$A$1798:$B$2194,2,) -> 1382.4 | G83: =H83/F83 -> 15571.759 | H83: 21526400
B84: DSM2407-AT03 | E84: 45474 | F84: =VLOOKUP(E84,환율!$A$1798:$B$2194,2,) -> 1382.4 | G84: =H84/F84 -> 15571.759 | H84: 21526400
B85: DSM2407-AT04 | E85: 45497 | F85: =VLOOKUP(E85,환율!$A$1798:$B$2194,2,) -> 1385.1 | G85: =H85/F85 -> 15541.405 | H85: 21526400
B86: DSM2407-AT05 | E86: 45497 | F86: =VLOOKUP(E86,환율!$A$1798:$B$2194,2,) -> 1385.1 | G86: =H86/F86 -> 1188.6463 | H86: 1646394
A87: 소계 | G87: =SUM(G82:G86) -> 63445.329 | H87: =SUM(H82:H86) -> 87751994 | I87: 47358080 | J87: =+H87-I87 -> 40393914
A88: 당월 => 익월로 이월 | F88: 총계 | G88: 물품대 | H88: =+H90-H89 -> 3027674964 | I88: 4115844904 | J88: =+H88-I88 -> -1088169940
A89: 구분 | B89: 이월금액 | C89: 구분 | E89: 이월금액 | G89: Tooling외 | H89: =SUM(H49,H25:H31) -> 201571573 | I89: 13735871 | J89: =+H89-I89 -> 187835702
A90: Allison | B90: 0 | C90: NIKKISO | E90: 0 | G90: 합계 | H90: =SUM(H15,H32,H50,H54,H57,H59,H61,H73,H75,H81,H87) -> 3229246537 | I90: 4129580775 | J90: =+H90-I90 -> -900334238
A91: Polaris | B91: =SUM(H23:H24) -> 38750425 | C91: SEASTAR | E91: 0 | F91: 구분 | G91: 06월 이월분 | H91: 07월 당월분 | I91: 08월 이월분 | J91: 국외 매출 최종
A92: Mercury | B92: =SUM(H44:H48) -> 209476467 | C92: Emerson | E92: =SUM(H71:H72) -> 19775275 | F92: 창원공장 | G92: 217444801 | H92: =SUM(H76:H80) -> 363808676 | I92: 0 | J92: =SUM(G92:H92) -> 581253477
A93: Mercury China | B93: 0 | C93: AMAT | E93: 0 | F93: 마산1공장 | G93: =531266007+15503250 -> 546769257 | H93: =SUM(H16:H22,H33:H43,H51:H53,H60,H25:H31,H49) -> 1284314906 | I93: =SUM(H55:H56,H44:H48,H23:H24) -> 317193869 | J93: =SUM(G93:H93) -> 1831084163
A94: NorthStar | B94: 0 | C94: SAM | E94: =H58 -> 54480827 | F94: 마산2공장 | G94: 377173075 | H94: =SUM(H13:H14) -> 1064548801 | I94: 0 | J94: =SUM(G94:H94) -> 1441721876
A95: R&R | B95: =SUM(H55:H56) -> 68966977 | C95: SHINKO IND LTD | E95: 0 | F95: 마산3공장 | G95: 5331778 | H95: =SUM(H74:H74,H62:H70) -> 37372189 | I95: =SUM(H71:H72,H58) -> 74256102 | J95: =SUM(G95:H95) -> 42703967
A96: 기타 | B96: =H84 -> 21526400 | F96: 과세매출(국내매출) | G96: 47358080 | H96: =H87 -> 87751994 | I96: 0 | J96: =SUM(G96:H96) -> 135110074
B97: 합계 | E97: =SUM(B90:B96,E90:E96) -> 412976371 | F97: 총계 | G97: =SUM(G92:G96) -> 1194076991 | H97: =SUM(H92:H96) -> 2837796566 | I97: =SUM(I92:I96) -> 391449971 | J97: =+G97+H97 -> 4031873557
F98: ATLAS COPCO 제외 금액(해외매출) | J98: =J97-J96 -> 3896763483

Sheet 24.08 (갑) 
A6: ※ 2024년 8월 마감내역 ※
A11: 거래처 | B11: Invoice | C11: 면장번호 | D11: 인보이스 날짜 | E11: BL일자 | F11: 환율 | G11: 금액
G12: 외화금액 | H12: 원화환산금액 | I12: 전월금액 | J12: 증감액
A13: Allison | B13: DSM2408-AL01 | C13: 4107224502383X | E13: 45525 | F13: =VLOOKUP(E13,환율!$A$1798:$B$2194,2,) -> 1332 | G13: 406494.08 | H13: =ROUNDDOWN(G13*F13,0) -> 541450114
B14: DSM2408-AL02 | C14: 4107224502402X | E14: 45526 | F14: =VLOOKUP(E14,환율!$A$1798:$B$2194,2,) -> 1332.4 | G14: 168424.08 | H14: =ROUNDDOWN(G14*F14,0) -> 224408244
B15: DSM2408-AL03 | C15: 4107224502517X | E15: 45534 | F15: =VLOOKUP(E15,환율!$A$1798:$B$2194,2,) -> 1335.3 | G15: 330742.14 | H15: =ROUNDDOWN(G15*F15,0) -> 441639979
B16: DSM2408-AL04 | C16: 4107224502596X | E16: 45545 | F16: =VLOOKUP(E16,환율!$A$1798:$B$2194,2,) -> 1339.5 | G16: 378904.12 | H16: =ROUNDDOWN(G16*F16,0) -> 507542068
B17: DSM2408-AL01TA | E17: 45527 | F17: =VLOOKUP(E17,환율!$A$1798:$B$2194,2,) -> 1335.9 | G17: 75600 | H17: =ROUNDDOWN(G17*F17,0) -> 100994040
B18: DSM2408-AL01TB | E18: 45527 | F18: =VLOOKUP(E18,환율!$A$1798:$B$2194,2,) -> 1335.9 | G18: 15400 | H18: =ROUNDDOWN(G18*F18,0) -> 20572860
A19: 소계 | G19: =SUM(G13:G18) -> 1375564.4 | H19: =SUM(H13:H18) -> 1836607305 | I19: 1064548801 | J19: =+H19-I19 -> 772058504
A20: Polaris | B20: 2408P01 | C20: 4107224502358X | E20: 45528 | F20: =VLOOKUP(E20,환율!$A$1798:$B$2194,2,) -> 1335.9 | G20: 73749.42 | H20: =ROUNDDOWN(G20*F20,0) -> 98521850
B21: 2408P02 | C21: 4107224502357X | E21: 45525 | F21: =VLOOKUP(E21,환율!$A$1798:$B$2194,2,) -> 1332 | G21: 34925.76 | H21: =ROUNDDOWN(G21*F21,0) -> 46521112
B22: 2408P03 | C22: 4107224502365X | E22: 45528 | F22: =VLOOKUP(E22,환율!$A$1798:$B$2194,2,) -> 1335.9 | G22: 554.27 | H22: =ROUNDDOWN(G22*F22,0) -> 740449
B23: 2408P04 | C23: 4107224502366X | E23: 45528 | F23: =VLOOKUP(E23,환율!$A$1798:$B$2194,2,) -> 1335.9 | G23: 945.12 | H23: =ROUNDDOWN(G23*F23,0) -> 1262585
B24: 2408P05 | C24: 4107224502367X | E24: 45528 | F24: =VLOOKUP(E24,환율!$A$1798:$B$2194,2,) -> 1335.9 | G24: 1438.66 | H24: =ROUNDDOWN(G24*F24,0) -> 1921905
B25: 2408P09 | C25: 4107224502464X | E25: 45527 | F25: =VLOOKUP(E25,환율!$A$1798:$B$2194,2,) -> 1335.9 | G25: 219.36 | H25: =ROUNDDOWN(G25*F25,0) -> 293043
B26: 2408P10 | C26: 4107224502480X | E26: 45527 | F26: =VLOOKUP(E26,환율!$A$1798:$B$2194,2,) -> 1335.9 | G26: 219.36 | H26: =ROUNDDOWN(G26*F26,0) -> 293043
B27: 2408P11 | C27: 4107224502481X | E27: 45527 | F27: =VLOOKUP(E27,환율!$A$1798:$B$2194,2,) -> 1335.9 | G27: 191.94 | H27: =ROUNDDOWN(G27*F27,0) -> 256412
B28: 2408P12 | C28: 4107224502506X | E28: 45531 | F28: =VLOOKUP(E28,환율!$A$1798:$B$2194,2,) -> 1323.9 | G28: 370.04 | H28: =ROUNDDOWN(G28*F28,0) -> 489895
B29: 2408P08 | C29: 4107224502492X | E29: 45536 | F29: =VLOOKUP(E29,환율!$A$1798:$B$2194,2,) -> 1335.3 | G29: 6663.3 | H29: =ROUNDDOWN(G29*F29,0) -> 8897504
A30: 소계 | G30: =SUM(G20:G29) -> 119277.23 | H30: =SUM(H20:H29) -> 159197798 | I30: 329226847 | J30: =+H30-I30 -> -170029049
A31: Mercury | B31: DSM2408-01 | C31: 4107224502360X | E31: 45526 | F31: =VLOOKUP(E31,환율!$A$1798:$B$2194,2,) -> 1332.4 | G31: 78708 | H31: =ROUNDDOWN(G31*F31,0) -> 104870539
B32: DSM2408-02 | C32: 4107224502361X | E32: 45526 | F32: =VLOOKUP(E32,환율!$A$1798:$B$2194,2,) -> 1332.4 | G32: 23786 | H32: =ROUNDDOWN(G32*F32,0) -> 31692466
B33: DSM2408-03 | C33: 4107224502415X | E33: 45534 | F33: =VLOOKUP(E33,환율!$A$1798:$B$2194,2,) -> 1335.3 | G33: 52472 | H33: =ROUNDDOWN(G33*F33,0) -> 70065861
B34: DSM2408-04 | C34: 4107224502416X | E34: 45534 | F34: =VLOOKUP(E34,환율!$A$1798:$B$2194,2,) -> 1335.3 | G34: 23786 | H34: =ROUNDDOWN(G34*F34,0) -> 31761445
B35: DSM2408-05 | C35: 4107224502417X | E35: 45530 | F35: =VLOOKUP(E35,환율!$A$1798:$B$2194,2,) -> 1340.1 | G35: 5957.16 | H35: =ROUNDDOWN(G35*F35,0) -> 7983190
B36: DSM2408-06 | C36: 4107224502491X | E36: 45535 | F36: =VLOOKUP(E36,환율!$A$1798:$B$2194,2,) -> 1335.3 | G36: 8281.6 | H36: =ROUNDDOWN(G36*F36,0) -> 11058420
B37: DSM2408-07 | C37: 4107224502490X | E37: 45542 | F37: =VLOOKUP(E37,환율!$A$1798:$B$2194,2,) -> 1335.8 | G37: 25298 | H37: =ROUNDDOWN(G37*F37,0) -> 33793068
B38: DSM2408-08 | C38: 4107224502537X | E38: 45542 | F38: =VLOOKUP(E38,환율!$A$1798:$B$2194,2,) -> 1335.8 | G38: 1575.2 | H38: =ROUNDDOWN(G38*F38,0) -> 2104152
A39: 소계 | G39: =SUM(G31:G38) -> 219863.96 | H39: =SUM(H31:H38) -> 293329141 | I39: 867380842 | J39: =+H39-I39 -> -574051701
A40: Mercury China | B40: DSM2408-MC01 | C40: 4107224502329X | E40: 45514 | F40: =VLOOKUP(E40,환율!$A$1798:$B$2194,2,) -> 1377.7 | G40: 123932.22 | H40: =ROUNDDOWN(G40*F40,0) -> 170741419
B41: DSM2408-MC02 | C41: 4107224502448X | E41: 45527 | F41: =VLOOKUP(E41,환율!$A$1798:$B$2194,2,) -> 1335.9 | G41: 105506.46 | H41: =ROUNDDOWN(G41*F41,0) -> 140946079
A42: 소계 | G42: =SUM(G40:G41) -> 229438.68 | H42: =SUM(H40:H41) -> 311687498 | I42: 316622678 | J42: =+H42-I42 -> -4935180
A43: R&R | B43: DSM2408-R01 | C43: 4107224502684X | E43: 45549 | F43: =VLOOKUP(E43,환율!$A$1798:$B$2194,2,) -> 1339.6 | G43: =H43/F43 -> 9583.3047 | H43: 12837795
B44: DSM2408-R02 | C44: 4107224502718X | E44: 45569 | F44: 1180 | G44: =H44/F44 -> 37337.434 | H44: 44058172
A45: 소계 | G45: =SUM(G43:G44) -> 46920.739 | H45: =SUM(H43:H44) -> 56895967 | I45: 68966977 | J45: =+H45-I45 -> -12071010
A46: SAM | B46: DSM2408-SM01 | C46: 4112924080087X | E46: 45523 | F46: =VLOOKUP(E46,환율!$A$1798:$B$2194,2,) -> 1360.1 | G46: 39476 | H46: =ROUNDDOWN(G46*F46,0) -> 53691307
B47: DSM2408-SM02 | C47: 4112924080148X | E47: 45530 | F47: =VLOOKUP(E47,환율!$A$1798:$B$2194,2,) -> 1340.1 | G47: 39476 | H47: =ROUNDDOWN(G47*F47,0) -> 52901787
B48: DSM2405-SM01 | C48: 4112924050134X | D48: 45419 | E48: 45434 | F48: =VLOOKUP(E48,환율!$A$1798:$B$2033,2,) -> 1364.4 | G48: 13816.6 | H48: -20148488 | I48: 2023 ~ 소재각인, 기포, 소재떨어짐 불량 13EA
A49: 소계 | G49: =SUM(G46:G48) -> 92768.6 | H49: =SUM(H46:H48) -> 86444606 | I49: 54480827 | J49: =+H49-I49 -> 31963779
A50: SEASTAR | H50: =ROUNDDOWN(G50*F50,0) -> 0
A51: 소계 | G51: =SUM(G50:G50) -> 0 | H51: =SUM(H50:H50) -> 0 | I51: 19311431 | J51: =+H51-I51 -> -19311431
A52: Emerson | B52: DSM2408-EM01 | C52: 4107224502282X | E52: 45512 | F52: =VLOOKUP(E52,환율!$A$1798:$B$2194,2,) -> 1376.4 | G52: 10789.92 | H52: =ROUNDDOWN(G52*F52,0) -> 14851245
B53: DSM2408-EM02 | C53: 4107224502283X | E53: 45510 | F53: =VLOOKUP(E53,환율!$A$1798:$B$2194,2,) -> 1360.6 | G53: 225.54 | H53: =ROUNDDOWN(G53*F53,0) -> 306869
B54: DSM2408-EM03 | C54: 4107224502306X | E54: 45510 | F54: =VLOOKUP(E54,환율!$A$1798:$B$2194,2,) -> 1360.6 | G54: 3025.15 | H54: =ROUNDDOWN(G54*F54,0) -> 4116019
B55: DSM2408-EM04 | C55: 4107224502307X | E55: 45510 | F55: =VLOOKUP(E55,환율!$A$1798:$B$2194,2,) -> 1360.6 | G55: 1469.15 | H55: =ROUNDDOWN(G55*F55,0) -> 1998925
B56: DSM2408-EM07 | C56: 4107224502398X | E56: 45520 | F56: =VLOOKUP(E56,환율!$A$1798:$B$2194,2,) -> 1361.4 | G56: 864.4 | H56: =ROUNDDOWN(G56*F56,0) -> 1176794
B57: DSM2408-EM08 | C57: 4107224502401X | E57: 45520 | F57: =VLOOKUP(E57,환율!$A$1798:$B$2194,2,) -> 1361.4 | G57: 1054.75 | H57: =ROUNDDOWN(G57*F57,0) -> 1435936
B58: DSM2408-EM09 | C58: 4107224502502X | E58: 45533 | F58: =VLOOKUP(E58,환율!$A$1798:$B$2194,2,) -> 1334.7 | G58: 3073.39 | H58: =ROUNDDOWN(G58*F58,0) -> 4102053
B59: DSM2408-EM10 | C59: 4107224502503X | E59: 45531 | F59: =VLOOKUP(E59,환율!$A$1798:$B$2194,2,) -> 1323.9 | G59: 1102.15 | H59: =ROUNDDOWN(G59*F59,0) -> 1459136
B60: DSM2408-EM05 | C60: 4107224502380X | E60: 45545 | F60: =VLOOKUP(E60,환율!$A$1798:$B$2194,2,) -> 1339.5 | G60: 31031.5 | H60: =ROUNDDOWN(G60*F60,0) -> 41566694
B61: DSM2408-EM06 | C61: 4107224502441X | E61: 45538 | F61: =VLOOKUP(E61,환율!$A$1798:$B$2194,2,) -> 1338.8 | G61: 21492.78 | H61: =ROUNDDOWN(G61*F61,0) -> 28774533
A62: 소계 | G62: =SUM(G52:G61) -> 74128.73 | H62: =SUM(H52:H61) -> 99788204 | I62: 54696402 | J62: =+H62-I62 -> 45091802
A63: AMAT | B63: DSM2408-AM01 | C63: 2057624080614X | E63: 45539 | F63: =VLOOKUP(E63,환율!$A$1798:$B$2194,2,) -> 1341 | G63: 78472.2 | H63: =ROUNDDOWN(G63*F63,0) -> 105231220
A64: 소계 | G64: =SUM(G63:G63) -> 78472.2 | H64: =SUM(H63:H63) -> 105231220 | I64: 2451062 | J64: =+H64-I64 -> 102780158
A65: SINKO IND LTD (신코) | B65: DSM2408-SK01 | C65: 4107224502351X | E65: 45515 | F65: 9.3432 | G65: 3468180 | H65: =ROUNDDOWN(G65*F65,0) -> 32403899
B66: DSM2408-SK02 | C66: 4107224502410X | E66: 45522 | F66: 9.1244 | G66: 14944466 | H66: =ROUNDDOWN(G66*F66,0) -> 136359285
B67: DSM2408-SK03 | C67: 4107224502484X | E67: 45529 | F67: 9.1434 | G67: 11792250 | H67: =ROUNDDOWN(G67*F67,0) -> 107821258
B68: DSM2408-SK04 | C68: 4107224502538X | E68: 45536 | F68: 9.2175 | G68: 14492943 | H68: =ROUNDDOWN(G68*F68,0) -> 133588702
A69: 소계 | G69: =SUM(G65:G68) -> 44697839 | H69: =SUM(H65:H68) -> 410173144 | I69: 363808676 | J69: =+H69-I69 -> 46364468
A70: ATLAS COPCO | B70: DSM2408-AT01 | E70: 45518 | F70: =VLOOKUP(E70,환율!$A$1798:$B$2194,2,) -> 1370.3 | G70: =H70/F70 -> 17280.187 | H70: 23679040
B71: DSM2408-AT02 | E71: 45518 | F71: =VLOOKUP(E71,환율!$A$1798:$B$2194,2,) -> 1370.3 | G71: =H71/F71 -> 662.42429 | H71: 907720
A72: 소계 | G72: =SUM(G70:G71) -> 17942.611 | H72: =SUM(H70:H71) -> 24586760 | I72: 87751994 | J72: =+H72-I72 -> -63165234
A73: 당월 => 익월로 이월 | F73: 총계 | G73: 물품대 | H73: =+H75-H74 -> 3262374743 | I73: 3027674964 | J73: =+H73-I73 -> 234699779
A74: 구분 | B74: 이월금액 | C74: 구분 | E74: 이월금액 | G74: Tooling외 | H74: =SUM(H17:H18) -> 121566900 | I74: 201571573 | J74: =+H74-I74 -> -80004673
A75: Allison | B75: =H16 -> 507542068 | C75: NIKKISO | E75: 0 | G75: 합계 | H75: =SUM(H19,H30,H39,H42,H45,H49,H51,H62,H64,H69,H72) -> 3383941643 | I75: 3229246537 | J75: =+H75-I75 -> 154695106
A76: Polaris | B76: =SUM(H29) -> 8897504 | C76: SEASTAR | E76: 0 | F76: 구분 | G76: 07월 이월분 | H76: 08월 당월분 | I76: 09월 이월분 | J76: 국외 매출 최종
A77: Mercury | B77: =SUM(H37:H38) -> 35897220 | C77: Emerson | E77: =SUM(H60:H61) -> 70341227 | F77: 창원공장 | G77: 0 | H77: =SUM(H65:H67) -> 276584442 | I77: =H68 -> 133588702 | J77: =SUM(G77:H77) -> 276584442
A78: Mercury China | B78: 0 | C78: AMAT | E78: =H63 -> 105231220 | F78: 마산1공장 | G78: 317193869 | H78: =SUM(H40:H41,H31:H36,H20:H28) -> 719419713 | I78: =SUM(H37:H38,H29,H43) -> 57632519 | J78: =SUM(G78:H78) -> 1036613582
A79: NorthStar | B79: 0 | C79: SAM | E79: 0 | F79: 마산2공장 | G79: 0 | H79: =SUM(H13:H15,H17:H18) -> 1329065237 | I79: =H16 -> 507542068 | J79: =SUM(G79:H79) -> 1329065237
A80: R&R | B80: =SUM(H43:H44) -> 56895967 | C80: SHINKO IND LTD | E80: =H68 -> 133588702 | F80: 마산3공장 | G80: 74256102 | H80: =SUM(H52:H59,H46:H48) -> 115891583 | I80: =SUM(H63,H60:H61) -> 175572447 | J80: =SUM(G80:H80) -> 190147685
A81: 기타 | B81: 0 | F81: 과세매출(국내매출) | G81: 0 | H81: =H72 -> 24586760 | I81: 0 | J81: =SUM(G81:H81) -> 24586760 | K81: =I82=E82 -> FALSE
B82: 합계 | E82: =SUM(B75:B81,E75:E81) -> 918393908 | F82: 총계 | G82: =SUM(G77:G81) -> 391449971 | H82: =SUM(H77:H81) -> 2465547735 | I82: =SUM(I77:I81) -> 874335736 | J82: =+G82+H82 -> 2856997706 | K82: =H75=H82+I82 -> FALSE
F83: ATLAS COPCO 제외 금액(해외매출) | J83: =J82-J81 -> 2832410946
J84: 2832410946
J85: =J83-J84 -> 0

Sheet 24.09 (갑)
A6: ※ 2024년 9월 마감내역 ※
A11: 거래처 | B11: Invoice | C11: 면장번호 | D11: 인보이스 날짜 | E11: BL일자 | F11: 환율 | G11: 금액
G12: 외화금액 | H12: 원화환산금액 | I12: 전월금액 | J12: 증감액
A13: Allison | B13: DSM2409-AL01 | C13: 4107224502683X | E13: 45552 | F13: =VLOOKUP(E13,환율!$A$1798:$B$2194,2,) -> 1339.6 | G13: 411621 | H13: =ROUNDDOWN(G13*F13,0) -> 551407491
B14: DSM2409-AL02 | C14: 4107224502741X | E14: 45567 | F14: =VLOOKUP(E14,환율!$A$1798:$B$2194,2,) -> 1306.9 | G14: 356990.55 | H14: =ROUNDDOWN(G14*F14,0) -> 466550949
B15: DSM2409-AL03 | C15: 4107224502790X | E15: 45572 | F15: =VLOOKUP(E15,환율!$A$1798:$B$2194,2,) -> 1333.3 | G15: 372967.57 | H15: =ROUNDDOWN(G15*F15,0) -> 497277661
A16: 소계 | G16: =SUM(G13:G15) -> 1141579.1 | H16: =SUM(H13:H15) -> 1515236101 | I16: 1836607305 | J16: =+H16-I16 -> -321371204
A17: Polaris | B17: 2409P01 | C17: 4107224502543X | E17: 45551 | F17: =VLOOKUP(E17,환율!$A$1798:$B$2194,2,) -> 1339.6 | G17: 94251.84 | H17: =ROUNDDOWN(G17*F17,0) -> 126259764
B18: 2409P02 | C18: 4107224502545X | E18: 45547 | F18: =VLOOKUP(E18,환율!$A$1798:$B$2194,2,) -> 1340.3 | G18: 16470.72 | H18: =ROUNDDOWN(G18*F18,0) -> 22075706
B19: 2409P05 | C19: 4107224502641X | E19: 45551 | F19: =VLOOKUP(E19,환율!$A$1798:$B$2194,2,) -> 1339.6 | G19: 1837.44 | H19: =ROUNDDOWN(G19*F19,0) -> 2461434
B20: 2409P06 | C20: 4107224502700X | E20: 45565 | F20: =VLOOKUP(E20,환율!$A$1798:$B$2194,2,) -> 1319.6 | G20: 13072.32 | H20: =ROUNDDOWN(G20*F20,0) -> 17250233
B21: 2409P03 | C21: 4107224502544X | E21: 45567 | F21: =VLOOKUP(E21,환율!$A$1798:$B$2194,2,) -> 1306.9 | G21: 29115.6 | H21: =ROUNDDOWN(G21*F21,0) -> 38051177
B22: 2409P04 | C22: 4107224502701X | E22: 45569 | F22: =VLOOKUP(E22,환율!$A$1798:$B$2194,2,) -> 1320.1 | G22: 18470.88 | H22: =ROUNDDOWN(G22*F22,0) -> 24383408
B23: 2409SCP | E23: 45537 | F23: =VLOOKUP(E23,환율!$A$1798:$B$2194,2,) -> 1334.8 | G23: 26459.73 | H23: =ROUNDDOWN(G23*F23,0) -> 35318447
A24: 소계 | G24: =SUM(G17:G23) -> 199678.53 | H24: =SUM(H17:H23) -> 265800169 | I24: 159197798 | J24: =+H24-I24 -> 106602371
A25: Mercury | B25: DSM2409-02 | C25: 4107224502720X | E25: 45560 | F25: =VLOOKUP(E25,환율!$A$1798:$B$2194,2,) -> 1334.3 | G25: 3696.07 | H25: =ROUNDDOWN(G25*F25,0) -> 4931666
B26: DSM2409-01 | C26: 4107224502815X | E26: 45579 | F26: =VLOOKUP(E26,환율!$A$1798:$B$2194,2,) -> 1348.6 | G26: 6947.5 | H26: =ROUNDDOWN(G26*F26,0) -> 9369398
A27: 소계 | G27: =SUM(G25:G26) -> 10643.57 | H27: =SUM(H25:H26) -> 14301064 | I27: 293329141 | J27: =+H27-I27 -> -279028077
A28: Mercury China | B28: DSM2409-MC01 | C28: 4107224502567X | E28: 45542 | F28: =VLOOKUP(E28,환율!$A$1798:$B$2194,2,) -> 1335.8 | G28: 114775.02 | H28: =ROUNDDOWN(G28*F28,0) -> 153316471
B29: DSM2409-MC02 | C29: 4107224502688X | E29: 45557 | F29: =VLOOKUP(E29,환율!$A$1798:$B$2194,2,) -> 1331.8 | G29: 110301.36 | H29: =ROUNDDOWN(G29*F29,0) -> 146899351
B30: DSM2409-MC03 | C30: 4107224502799X | E30: 45573 | F30: =VLOOKUP(E30,환율!$A$1798:$B$2194,2,) -> 1346.5 | G30: 125360.94 | H30: =ROUNDDOWN(G30*F30,0) -> 168798505
A31: 소계 | G31: =SUM(G28:G29) -> 225076.38 | H31: =SUM(H28:H30) -> 469014327 | I31: 311687498 | J31: =+H31-I31 -> 157326829
A32: R&R | B32: DSM2409-R01 | C32: 4107224502914X | E32: 45580 | F32: =VLOOKUP(E32,환율!$A$1798:$B$2194,2,) -> 1354.9 | G32: =H32/F32 -> 3719.3889 | H32: 5039400
B33: DSM2409-R02 | C33: 4107224502991X | E33: 45596 | F33: =VLOOKUP(E33,환율!$A$1798:$B$2194,2,) -> 1383.3 | G33: =H33/F33 -> 34030.622 | H33: 47074560
A34: 소계 | G34: =SUM(G32:G33) -> 37750.011 | H34: =SUM(H32:H33) -> 52113960 | I34: 56895967 | J34: =+H34-I34 -> -4782007
A35: SAM | B35: DSM2409-SM01 | C35: 4112924090033X | E35: 45546 | F35: =VLOOKUP(E35,환율!$A$1798:$B$2194,2,) -> 1344.3 | G35: 39476 | H35: =ROUNDDOWN(G35*F35,0) -> 53067586
A36: 소계 | G36: =SUM(G35:G35) -> 39476 | H36: =SUM(H35:H35) -> 53067586 | I36: 86444606 | J36: =+H36-I36 -> -33377020
A37: SEASTAR | B37: DSM2409-SE01 | C37: 4107224502681X | E37: 45567 | F37: =VLOOKUP(E37,환율!$A$1798:$B$2194,2,) -> 1306.9 | G37: 11039.8 | H37: =ROUNDDOWN(G37*F37,0) -> 14427914
A38: 소계 | G38: =SUM(G37:G37) -> 11039.8 | H38: =SUM(H37:H37) -> 14427914 | I38: =SUM(I37:I37) -> 0 | J38: =+H38-I38 -> 14427914
A39: Emerson | B39: DSM2409-EM01 | C39: 4107224201692X | E39: 45545 | F39: =VLOOKUP(E39,환율!$A$1798:$B$2194,2,) -> 1339.5 | G39: 5394.24 | H39: =ROUNDDOWN(G39*F39,0) -> 7225584
B40: DSM2409-EM02 | C40: 4107224201681X | E40: 45536 | F40: =VLOOKUP(E40,환율!$A$1798:$B$2194,2,) -> 1335.3 | G40: 1636.5 | H40: =ROUNDDOWN(G40*F40,0) -> 2185218
B41: DSM2409-EM03 | C41: 4107224502588X | E41: 45545 | F41: =VLOOKUP(E41,환율!$A$1798:$B$2194,2,) -> 1339.5 | G41: 17586.01 | H41: =ROUNDDOWN(G41*F41,0) -> 23556460
B42: DSM2409-EM04 | C42: 4107224502559X | E42: 45543 | F42: =VLOOKUP(E42,환율!$A$1798:$B$2194,2,) -> 1335.8 | G42: 2564.46 | H42: =ROUNDDOWN(G42*F42,0) -> 3425605
B43: DSM2409-EM05 | C43: 4107224201767X | E43: 45550 | F43: =VLOOKUP(E43,환율!$A$1798:$B$2194,2,) -> 1339.6 | G43: 37501 | H43: =ROUNDDOWN(G43*F43,0) -> 50236339
B44: DSM2409-EM06 | C44: 4107224502605X | E44: 45551 | F44: =VLOOKUP(E44,환율!$A$1798:$B$2194,2,) -> 1339.6 | G44: 3354.78 | H44: =ROUNDDOWN(G44*F44,0) -> 4494063
B45: DSM2409-EM07 | C45: 4107224502606X | E45: 45545 | F45: =VLOOKUP(E45,환율!$A$1798:$B$2194,2,) -> 1339.5 | G45: 282.04 | H45: =ROUNDDOWN(G45*F45,0) -> 377792
B46: DSM2409-EM10 | C46: 4107224502734X | E46: 45561 | F46: =VLOOKUP(E46,환율!$A$1798:$B$2194,2,) -> 1328.4 | G46: 511.1 | H46: =ROUNDDOWN(G46*F46,0) -> 678945 | K46: DSM2409-EM09는 이전에 제가 아랍으로 물건을 잘못 더 보내서 실제 출하는 안했고 인보이스만 만들었어요!
B47: DSM2409-EM12 | E47: 45555 | F47: =VLOOKUP(E47,환율!$A$1798:$B$2194,2,) -> 1331.8 | G47: 7630 | H47: =ROUNDDOWN(G47*F47,0) -> 10161634
A48: 소계 | G48: =SUM(G39:G47) -> 76460.13 | H48: =SUM(H39:H47) -> 102341640 | I48: 99788204 | J48: =+H48-I48 -> 2553436
A49: AMAT | B49: DSM2409-AM01 | C49: 2057624090227X | E49: 45554 | F49: =VLOOKUP(E49,환율!$A$1798:$B$2194,2,) -> 1331 | G49: 10642.14 | H49: =ROUNDDOWN(G49*F49,0) -> 14164688
B50: DSM2409-AM02 | C50: 2057624090628X | E50: 45571 | F50: =VLOOKUP(E50,환율!$A$1798:$B$2194,2,) -> 1320.1 | G50: 17736.9 | H50: =ROUNDDOWN(G50*F50,0) -> 23414481
A51: 소계 | G51: =SUM(G49:G49) -> 10642.14 | H51: =SUM(H49:H50) -> 37579169 | I51: 105231220 | J51: =+H51-I51 -> -67652051
A52: SINKO IND LTD (신코) | B52: DSM2409-SK01 | C52: 4107224201780X | E52: 45542 | F52: 9.3181 | G52: 12752528 | H52: =ROUNDDOWN(G52*F52,0) -> 118829331
B53: DSM2409-SK02 | C53: 4107224502686X | E53: 45550 | F53: 9.4574 | G53: 16063554 | H53: =ROUNDDOWN(G53*F53,0) -> 151919455
B54: DSM2409-SK02-1 | C54: 4107224502687X | E54: 45550 | F54: 9.4574 | G54: 5280032 | H54: =ROUNDDOWN(G54*F54,0) -> 49935374
B55: DSM2409-SK03 | C55: 4107224502714X | E55: 45556 | F55: 9.3293 | G55: 11148552 | H55: =ROUNDDOWN(G55*F55,0) -> 104008186
B56: DSM2409-SK04 | C56: 4107224502775X | E56: 45564 | F56: 9.1729 | G56: 15196104 | H56: =ROUNDDOWN(G56*F56,0) -> 139392342
B57: DSMABS3396-SK06 | E57: 45565 | F57: 9.2451 | G57: 541800 | H57: =ROUNDDOWN(G57*F57,0) -> 5008995
B58: DSMABS3397-SK07 | E58: 45565 | F58: 9.2451 | G58: 524200 | H58: =ROUNDDOWN(G58*F58,0) -> 4846281
B59: DSMABS2643-SK068 | E59: 45565 | F59: 9.2451 | G59: 456200 | H59: 4215765
B60: DSMABS2632-SK09 | E60: 45565 | F60: 9.2451 | G60: 170000 | H60: =ROUNDDOWN(G60*F60,0) -> 1571667
B61: DSM2409-SK05 | C61: 4107224502788X | E61: 45568 | F61: 9.1026 | G61: 11355034 | H61: =ROUNDDOWN(G61*F61,0) -> 103360332
A62: 소계 | G62: =SUM(G52:G61) -> 73488004 | H62: =SUM(H52:H61) -> 683087728 | I62: 410173144 | J62: =+H62-I62 -> 272914584
A63: ATLAS COPCO | F63: =VLOOKUP(E63,환율!$A$1798:$B$2194,2,) -> #N/A | G63: =H63/F63 -> #N/A
F64: =VLOOKUP(E64,환율!$A$1798:$B$2194,2,) -> #N/A | G64: =H64/F64 -> #N/A
A65: 소계 | G65: =SUM(G63:G64) -> #N/A | H65: =SUM(H63:H64) -> 0 | I65: 24586760 | J65: =+H65-I65 -> -24586760
A66: 당월 => 익월로 이월 | F66: 총계 | G66: 물품대 | H66: =+H68-H67 -> 3161489577 | I66: 3262374743 | J66: =+H66-I66 -> -100885166
A67: 구분 | B67: 이월금액 | C67: 구분 | E67: 이월금액 | G67: Tooling외 | H67: =SUM(H23,H47) -> 45480081 | I67: 121566900 | J67: =+H67-I67 -> -76086819
A68: Allison | B68: =H14+H15 -> 963828610 | C68: NIKKISO | E68: 0 | G68: 합계 | H68: =SUM(H16,H24,H27,H31,H34,H36,H38,H48,H51,H62,H65) -> 3206969658 | I68: 3383941643 | J68: =+H68-I68 -> -176971985
A69: Polaris | B69: =SUM(H21:H22) -> 62434585 | C69: SEASTAR | E69: =H37 -> 14427914 | F69: 구분 | G69: 08월 이월분 | H69: 09월 당월분 | I69: 10월 이월분 | J69: 국외 매출 최종
A70: Mercury | B70: =SUM(H26) -> 9369398 | C70: Emerson | E70: 0 | F70: 창원공장 | G70: 133588702 | H70: =SUM(H52:H60) -> 579727396 | I70: =H61 -> 103360332 | J70: =SUM(G70:H70) -> 713316098
A71: Mercury China | B71: =H30 -> 168798505 | C71: AMAT | E71: =H50 -> 23414481 | F71: 마산1공장 | G71: 57632519 | H71: =SUM(H28:H29,H25,H17:H20,H23) -> 508513072 | I71: =SUM(H21:H22,H26,H37,H32:H33)+H30 -> 307144362 | J71: =SUM(G71:H71) -> 566145591
A72: NorthStar | B72: 0 | C72: SAM | E72: 0 | F72: 마산2공장 | G72: 507542068 | H72: =SUM(H13) -> 551407491 | I72: =H14+H15 -> 963828610 | J72: =SUM(G72:H72) -> 1058949559
A73: R&R | B73: =SUM(H32:H33) -> 52113960 | C73: SHINKO IND LTD | E73: =H61 -> 103360332 | F73: 마산3공장 | G73: 175572447 | H73: =SUM(H39:H47,H35:H35,H49) -> 169573914 | I73: =SUM(H50) -> 23414481 | J73: =SUM(G73:H73) -> 345146361
A74: 기타 | B74: 0 | F74: 과세매출(국내매출) | G74: 0 | H74: =H65 -> 0 | I74: 0 | J74: =SUM(G74:H74) -> 0 | K74: =I75=E75 -> TRUE
B75: 합계 | E75: =SUM(B68:B74,E68:E74) -> 1397747785 | F75: 총계 | G75: =SUM(G70:G74) -> 874335736 | H75: =SUM(H70:H74) -> 1809221873 | I75: =SUM(I70:I74) -> 1397747785 | J75: =+G75+H75 -> 2683557609 | K75: =H68=H75+I75 -> TRUE
F76: ATLAS COPCO 제외 금액(해외매출) | J76: =J75-J74 -> 2683557609
J77: 2683557609
J78: =J76-J77 -> 0

Sheet 24.10 (갑)
A6: ※ 2024년 10월 마감내역 ※
A11: 거래처 | B11: Invoice | C11: 면장번호 | D11: 인보이스 날짜 | E11: BL일자 | F11: 환율 | G11: 금액
G12: 외화금액 | H12: 원화환산금액 | I12: 전월금액 | J12: 증감액
A13: Allison | B13: DSM2410-AL01 | C13: 4107224502871X | E13: 45581 | F13: =VLOOKUP(E13,환율!$A$1798:$B$2194,2,) -> 1360.4 | G13: 390570.69 | H13: =ROUNDDOWN(G13*F13,0) -> 531332366
B14: DSM2410-AL02 | C14: 4107224202101X | E14: 45588 | F14: =VLOOKUP(E14,환율!$A$1798:$B$2194,2,) -> 1380.1 | G14: 393323.59 | H14: =ROUNDDOWN(G14*F14,0) -> 542825886
B15: DSM2410-AL03 | C15: 4107224503049X | E15: 45603 | F15: =VLOOKUP(E15,환율!$A$1798:$B$2194,2,) -> 1391.5 | G15: 364428.65 | H15: =ROUNDDOWN(G15*F15,0) -> 507102466
B16: DSM2410-AL01TC | E16: 45588 | F16: =VLOOKUP(E16,환율!$A$1798:$B$2194,2,) -> 1380.1 | G16: 69000 | H16: =ROUNDDOWN(G16*F16,0) -> 95226900
A17: 소계 | G17: =SUM(G13:G16) -> 1217322.9 | H17: =SUM(H13:H16) -> 1676487618 | I17: 1515236101 | J17: =+H17-I17 -> 161251517
A18: Polaris | B18: 2410P01 | C18: 4107224502778X | E18: 45571 | F18: =VLOOKUP(E18,환율!$A$1798:$B$2194,2,) -> 1320.1 | G18: 58466.88 | H18: =ROUNDDOWN(G18*F18,0) -> 77182128
B19: 2410P02 | C19: 4107224502779X | E19: 45571 | F19: =VLOOKUP(E19,환율!$A$1798:$B$2194,2,) -> 1320.1 | G19: 109.6 | H19: =ROUNDDOWN(G19*F19,0) -> 144682
B20: 2410P03 | C20: 4107224502780X | E20: 45571 | F20: =VLOOKUP(E20,환율!$A$1798:$B$2194,2,) -> 1320.1 | G20: 726.88 | H20: =ROUNDDOWN(G20*F20,0) -> 959554
B21: 2410P04 | C21: 4107224502867X | E21: 45586 | F21: =VLOOKUP(E21,환율!$A$1798:$B$2194,2,) -> 1371.1 | G21: 6386.88 | H21: =ROUNDDOWN(G21*F21,0) -> 8757051
B22: 2410P06 | C22: 4107224502874X | E22: 45584 | F22: =VLOOKUP(E22,환율!$A$1798:$B$2194,2,) -> 1366.5 | G22: 13348.8 | H22: =ROUNDDOWN(G22*F22,0) -> 18241135
B23: 2410P05 | C23: 4107224502920X | E23: 45603 | F23: =VLOOKUP(E23,환율!$A$1798:$B$2194,2,) -> 1391.5 | G23: 21430.08 | H23: =ROUNDDOWN(G23*F23,0) -> 29819956
B24: 2410P07 | C24: 4107224502969X | E24: 45603 | F24: =VLOOKUP(E24,환율!$A$1798:$B$2194,2,) -> 1391.5 | G24: 64822.86 | H24: =ROUNDDOWN(G24*F24,0) -> 90201009
B25: 2410P08 | C25: 4107224503030X | E25: 45604 | F25: =VLOOKUP(E25,환율!$A$1798:$B$2194,2,) -> 1399.1 | G25: 18190.8 | H25: =ROUNDDOWN(G25*F25,0) -> 25450748
A26: 소계 | G26: =SUM(G18:G25) -> 183482.78 | H26: =SUM(H18:H25) -> 250756263 | I26: 265800169 | J26: =+H26-I26 -> -15043906
A27: Mercury | B27: DSM2410-01 | C27: 4107224502963X | E27: 45590 | F27: =VLOOKUP(E27,환율!$A$1798:$B$2194,2,) -> 1380.5 | G27: 3251.43 | H27: =ROUNDDOWN(G27*F27,0) -> 4488599
B28: DSM2410-PS01 | C28: 4107224502868X | E28: 45573 | F28: =VLOOKUP(E28,환율!$A$1798:$B$2194,2,) -> 1346.5 | G28: 524.72 | H28: =ROUNDDOWN(G28*F28,0) -> 706535
B29: DSM2410-02 | C29: 4107224503013X | E29: 45600 | F29: =VLOOKUP(E29,환율!$A$1798:$B$2194,2,) -> 1377.9 | G29: 3225.6 | H29: =ROUNDDOWN(G29*F29,0) -> 4444554
B30: DSM2410-03 | C30: 4107224503014X | E30: 45600 | F30: =VLOOKUP(E30,환율!$A$1798:$B$2194,2,) -> 1377.9 | G30: 1928.6 | H30: =ROUNDDOWN(G30*F30,0) -> 2657417
B31: DSM2410-04 | C31: 4107224503054X | E31: 45605 | F31: =VLOOKUP(E31,환율!$A$1798:$B$2194,2,) -> 1399.1 | G31: 105993.44 | H31: =ROUNDDOWN(G31*F31,0) -> 148295421
A32: 소계 | G32: =SUM(G27:G31) -> 114923.79 | H32: =SUM(H27:H31) -> 160592526 | I32: 14301064 | J32: =+H32-I32 -> 146291462
A33: Mercury China | B33: DSM2410-MC01 | C33: 4107224502939X | E33: 45584 | F33: =VLOOKUP(E33,환율!$A$1798:$B$2194,2,) -> 1366.5 | G33: 127343.82 | H33: =ROUNDDOWN(G33*F33,0) -> 174015330
A34: 소계 | G34: =SUM(G33:G33) -> 127343.82 | H34: =SUM(H33:H33) -> 174015330 | I34: 469014327 | J34: =+H34-I34 -> -294998997
B35: DSM2410-R01 | C35: 4107224503339X | E35: 45623 | F35: =VLOOKUP(E35,환율!$A$1798:$B$2194,2,) -> 1401.2 | G35: =H35/F35 -> 11136.8 | H35: 15604884
B36: DSM2410-R02 | C36: 4107224503246X | E36: 45618 | F36: =VLOOKUP(E36,환율!$A$1798:$B$2194,2,) -> 1398.1 | G36: =H36/F36 -> 21760.169 | H36: 30422892
A37: 소계 | G37: =SUM(G35:G36) -> 32896.969 | H37: =SUM(H35:H36) -> 46027776 | I37: 52113960 | J37: =+H37-I37 -> -6086184
A38: SAM | B38: DSM2410-SM01 | C38: 4112924100067X | E38: 45583 | F38: =VLOOKUP(E38,환율!$A$1798:$B$2194,2,) -> 1366.5 | G38: 39476 | H38: =ROUNDDOWN(G38*F38,0) -> 53943954
B39: DSM2410-SM02 | C39: 4112924100268X | E39: 45607 | F39: =VLOOKUP(E39,환율!$A$1798:$B$2194,2,) -> 1385.4 | G39: 39476 | H39: =ROUNDDOWN(G39*F39,0) -> 54690050
A40: 소계 | G40: =SUM(G38:G39) -> 78952 | H40: =SUM(H38:H39) -> 108634004 | I40: 53067586 | J40: =+H40-I40 -> 55566418
A41: SEASTAR | F41: 0 | H41: =ROUNDDOWN(G41*F41,0) -> 0
A42: 소계 | G42: =SUM(G41:G41) -> 0 | H42: =SUM(H41:H41) -> 0 | I42: =SUM(I41:I41) -> 0 | J42: =+H42-I42 -> 0
A43: Emerson | B43: DSM2410-EM01 | C43: 4107224502786X | E43: 45568 | F43: =VLOOKUP(E43,환율!$A$1798:$B$2194,2,) -> 1306.9 | G43: 1167 | H43: =ROUNDDOWN(G43*F43,0) -> 1525152
B44: DSM2410-EM02 | C44: 4107224502801X | E44: 45573 | F44: =VLOOKUP(E44,환율!$A$1798:$B$2194,2,) -> 1346.5 | G44: 1961.18 | H44: =ROUNDDOWN(G44*F44,0) -> 2640728
B45: DSM2410-EM03 | C45: 4107224502877X | E45: 45595 | F45: =VLOOKUP(E45,환율!$A$1798:$B$2194,2,) -> 1383.1 | G45: 18750.5 | H45: =ROUNDDOWN(G45*F45,0) -> 25933816
B46: DSM2410-EM04 | C46: 4107224502853X | E46: 45575 | F46: =VLOOKUP(E46,환율!$A$1798:$B$2194,2,) -> 1347.8 | G46: 2310.58 | H46: =ROUNDDOWN(G46*F46,0) -> 3114199
B47: DSM2410-EM06 | C47: 4107224502921X | E47: 45580 | F47: =VLOOKUP(E47,환율!$A$1798:$B$2194,2,) -> 1354.9 | G47: 626 | H47: =ROUNDDOWN(G47*F47,0) -> 848167
B48: DSM2410-EM07 | C48: 4107224502940X | E48: 45582 | F48: =VLOOKUP(E48,환율!$A$1798:$B$2194,2,) -> 1363.7 | G48: 1818.6 | H48: =ROUNDDOWN(G48*F48,0) -> 2480024
B49: DSM2410-EM09 | C49: 4107224502975X | E49: 45589 | F49: =VLOOKUP(E49,환율!$A$1798:$B$2194,2,) -> 1382 | G49: 3501 | H49: =ROUNDDOWN(G49*F49,0) -> 4838382
B50: DSM2410-EM08 | C50: 4107224503005X | E50: 45603 | F50: =VLOOKUP(E50,환율!$A$1798:$B$2194,2,) -> 1391.5 | G50: 39328.5 | H50: =ROUNDDOWN(G50*F50,0) -> 54725607 | K50: BL 받아야함
B51: DSM2410-EM10 | C51: 4107224503006X | E51: 45603 | F51: =VLOOKUP(E51,환율!$A$1798:$B$2194,2,) -> 1391.5 | G51: 16594 | H51: =ROUNDDOWN(G51*F51,0) -> 23090551 | K51: BL 받아야함
A52: 소계 | G52: =SUM(G43:G51) -> 86057.36 | H52: =SUM(H43:H51) -> 119196626 | I52: 102341640 | J52: =+H52-I52 -> 16854986
A53: AMAT | B53: DSM2410-AM01 | C53: 2057624100525X | E53: 45595 | F53: =VLOOKUP(E53,환율!$A$1798:$B$2194,2,) -> 1383.1 | G53: 54195.66 | H53: =ROUNDDOWN(G53*F53,0) -> 74958017
B54: DSM2410-AM02 | C54: 2057624110031X | E54: 45607 | F54: =VLOOKUP(E54,환율!$A$1798:$B$2194,2,) -> 1385.4 | G54: 45229.62 | H54: =ROUNDDOWN(G54*F54,0) -> 62661115
A55: 소계 | G55: =SUM(G53:G54) -> 99425.28 | H55: =SUM(H53:H54) -> 137619132 | I55: 37579169 | J55: =+H55-I55 -> 100039963
A56: SINKO IND LTD (신코) | B56: DSM2410-SK01 | C56: 4107224502828X | E56: 45570 | F56: 8.9947 | G56: 10031540 | H56: =ROUNDDOWN(G56*F56,0) -> 90230692
B57: DSM2410-SK02 | C57: 4107224502909X | E57: 45579 | F57: 9.0331 | G57: 16567482 | H57: =ROUNDDOWN(G57*F57,0) -> 149655721
B58: DSM2410-SK03 | C58: 4107224502968X | E58: 45585 | F58: 9.0964 | G58: 16500226 | H58: =ROUNDDOWN(G58*F58,0) -> 150092655
B59: DSM2410-SK04 | C59: 4107224503029X | E59: 45593 | F59: 9.0575 | G59: 13814672 | H59: =ROUNDDOWN(G59*F59,0) -> 125126391
B60: DSM2410-SK05 | C60: 4107224503100X | E60: 45598 | F60: 9.0824 | G60: 17375082 | H60: =ROUNDDOWN(G60*F60,0) -> 157807444
B61: DSM2409-Scp | E61: 45566 | F61: 9.2451 | G61: 1017375 | H61: =ROUNDDOWN(G61*F61,0) -> 9405733
A62: 소계 | G62: =SUM(G56:G61) -> 75306377 | H62: =SUM(H56:H61) -> 682318636 | I62: 683087728 | J62: =+H62-I62 -> -769092
A63: ATLAS COPCO | B63: DSM2410-AT01 | E63: 45567 | F63: =VLOOKUP(E63,환율!$A$1798:$B$2194,2,) -> 1306.9 | G63: =H63/F63 -> 1482.9643 | H63: 1938086
B64: DSM2410-AT02 | E64: 45567 | F64: =VLOOKUP(E64,환율!$A$1798:$B$2194,2,) -> 1306.9 | G64: =H64/F64 -> 18118.479 | H64: 23679040
B65: DSM2410-AT03 | E65: 45573 | F65: =VLOOKUP(E65,환율!$A$1798:$B$2194,2,) -> 1346.5 | G65: =H65/F65 -> 8792.811 | H65: 11839520
B66: DSM2410-AT04 | E66: 45581 | F66: =VLOOKUP(E66,환율!$A$1798:$B$2194,2,) -> 1360.4 | G66: =H66/F66 -> 8702.9697 | H66: 11839520
B67: DSM2410-AT05 | E67: 45581 | F67: =VLOOKUP(E67,환율!$A$1798:$B$2194,2,) -> 1360.4 | G67: =H67/F67 -> 8702.9697 | H67: 11839520
A68: 소계 | G68: =SUM(G63:G67) -> 45800.194 | H68: =SUM(H63:H67) -> 61135686 | I68: 24586760 | J68: =+H68-I68 -> 36548926
A69: 당월 => 익월로 이월 | F69: 총계 | G69: 물품대 | H69: =+H71-H70 -> 3312150964 | I69: 3262374743 | J69: =+H69-I69 -> 49776221
A70: 구분 | B70: 이월금액 | C70: 구분 | E70: 이월금액 | G70: Tooling외 | H70: =H61+H16 -> 104632633 | I70: 121566900 | J70: =+H70-I70 -> -16934267
A71: Allison | B71: =H15 -> 507102466 | C71: NIKKISO | E71: 0 | G71: 합계 | H71: =SUM(H17,H26,H32,H34,H37,H40,H42,H52,H55,H62,H68) -> 3416783597 | I71: 3383941643 | J71: =+H71-I71 -> 32841954
A72: Polaris | B72: =SUM(H23:H25) -> 145471713 | C72: SEASTAR | E72: 0 | F72: 구분 | G72: 09월 이월분 | H72: 10월 당월분 | I72: 11월 이월분 | J72: 국외 매출 최종
A73: Mercury | B73: =SUM(H29:H31) -> 155397392 | C73: Emerson | E73: =SUM(H50:H51) -> 77816158 | F73: 창원공장 | G73: 103360332 | H73: =SUM(H56:H59,H61) -> 524511192 | I73: =H60 -> 157807444 | J73: =SUM(G73:H73) -> 627871524
A74: Mercury China | B74: 0 | C74: AMAT | E74: =H54 -> 62661115 | F74: 마산1공장 | G74: 307144362 | H74: =SUM(H33:H33,H27,H18:H22,H28) -> 284495014 | I74: =SUM(H23:H25,H29:H31,H41,H35:H36) -> 346896881 | J74: =SUM(G74:H74) -> 591639376
A75: NorthStar | B75: 0 | C75: SAM | E75: =H39 -> 54690050 | F75: 마산2공장 | G75: 963828610 | H75: =SUM(H13:H14,H16) -> 1169385152 | I75: =H15 -> 507102466 | J75: =SUM(G75:H75) -> 2133213762
A76: R&R | B76: =SUM(H35:H36) -> 46027776 | C76: SHINKO IND LTD | E76: =H60 -> 157807444 | F76: 마산3공장 | G76: 23414481 | H76: =SUM(H43:H49,H38:H38,H53) -> 170282439 | I76: =SUM(H54,H39,H50:H51) -> 195167323 | J76: =SUM(G76:H76) -> 193696920
A77: 기타 | B77: 0 | F77: 과세매출(국내매출) | G77: 0 | H77: =H68 -> 61135686 | I77: 0 | J77: =SUM(G77:H77) -> 61135686 | K77: =I78=E78 -> TRUE
B78: 합계 | E78: =SUM(B71:B77,E71:E77) -> 1206974114 | F78: 총계 | G78: =SUM(G73:G77) -> 1397747785 | H78: =SUM(H73:H77) -> 2209809483 | I78: =SUM(I73:I77) -> 1206974114 | J78: =+G78+H78 -> 3607557268 | K78: =H71=H78+I78 -> TRUE
F79: ATLAS COPCO 제외 금액(해외매출) | J79: =J78-J77 -> 3546421582
J80: 3546421582
J81: =J79-J80 -> 0

Sheet 24.11 (갑)
L3: 결 재 | M3: 사 원 | N3: 사 원 | O3: 선 임 | P3: 실 장
A5: ※ 2024년 11월 마감내역 ※
A10: 거래처 | B10: Invoice | C10: 면장번호 | D10: 인보이스 날짜 | E10: BL일자 | F10: 환율 | G10: 금액
G11: 외화금액 | H11: 원화환산금액 | I11: 전월금액 | J11: 증감액
A12: Allison | B12: DSM2411-AL01 | C12: 4107224503177X | E12: 45612 | F12: =VLOOKUP(E12,환율!$A$1798:$B$2194,2,) -> 1406.4 | G12: 406487.2 | H12: =ROUNDDOWN(G12*F12,0) -> 571683598
B13: DSM2411-AL02 | C13: 4107224503273X | E13: 45619 | F13: =VLOOKUP(E13,환율!$A$1798:$B$2194,2,) -> 1398.1 | G13: 423216.64 | H13: =ROUNDDOWN(G13*F13,0) -> 591699184
B14: DSM2411-AL03 | C14: 4107224503375X | E14: 45633 | F14: =VLOOKUP(E14,환율!$A$1798:$B$2194,2,) -> 1414.9 | G14: 408724.72 | H14: =ROUNDDOWN(G14*F14,0) -> 578304606 | J14: ㅇ
A15: 소계 | G15: =SUM(G12:G14) -> 1238428.6 | H15: =SUM(H12:H14) -> 1741687388 | I15: 1676487618 | J15: =+H15-I15 -> 65199770
A16: Polaris | B16: 2411P01 | C16: 4107224503125X | E16: 45607 | F16: =VLOOKUP(E16,환율!$A$1798:$B$2194,2,) -> 1385.4 | G16: 25738.56 | H16: =ROUNDDOWN(G16*F16,0) -> 35658201
B17: 2411P02 | C17: 4107224503257X | E17: 45626 | F17: =VLOOKUP(E17,환율!$A$1798:$B$2194,2,) -> 1394.7 | G17: 24116.4 | H17: =ROUNDDOWN(G17*F17,0) -> 33635143
B18: 2407P594TA | E18: 45613 | F18: =VLOOKUP(E18,환율!$A$1798:$B$2194,2,) -> 1406.4 | G18: 6500 | H18: =ROUNDDOWN(G18*F18,0) -> 9141600
B19: 2407P563TB | E19: 45613 | F19: =VLOOKUP(E19,환율!$A$1798:$B$2194,2,) -> 1406.4 | G19: 17721.5 | H19: =ROUNDDOWN(G19*F19,0) -> 24923517
B20: 2411P03 | C20: 4107224503340X | E20: 45633 | F20: =VLOOKUP(E20,환율!$A$1798:$B$2194,2,) -> 1414.9 | G20: 29721.6 | H20: =ROUNDDOWN(G20*F20,0) -> 42053091 | J20: ㅇ
B21: 2411P04 | C21: 4107224503341X | E21: 45633 | F21: =VLOOKUP(E21,환율!$A$1798:$B$2194,2,) -> 1414.9 | G21: 251.75 | H21: =ROUNDDOWN(G21*F21,0) -> 356201 | J21: ㅇ
B22: 2411P05 | C22: 4107224503342X | E22: 45636 | F22: =VLOOKUP(E22,환율!$A$1798:$B$2194,2,) -> 1433.2 | G22: 24340.32 | H22: =ROUNDDOWN(G22*F22,0) -> 34884546 | J22: ㅇ
A23: 소계 | G23: =SUM(G16:G22) -> 128390.13 | H23: =SUM(H16:H22) -> 180652299 | I23: 250756263 | J23: =+H23-I23 -> -70103964
A24: Mercury | B24: DSM2411-01 | C24: 4107224202311X | E24: 45610 | F24: =VLOOKUP(E24,환율!$A$1798:$B$2194,2,) -> 1407.3 | G24: 3225.6 | H24: =ROUNDDOWN(G24*F24,0) -> 4539386
B25: DSM2411-02 | C25: 4107224503235X | E25: 45617 | F25: =VLOOKUP(E25,환율!$A$1798:$B$2194,2,) -> 1391.6 | G25: 1025 | H25: =ROUNDDOWN(G25*F25,0) -> 1426390
B26: DSM2411-03 | C26: 4107224503236X | E26: 45617 | F26: =VLOOKUP(E26,환율!$A$1798:$B$2194,2,) -> 1391.6 | G26: 5567.04 | H26: =ROUNDDOWN(G26*F26,0) -> 7747092
B27: DSM2411-04 | C27: 4107224503210X | E27: 45609 | F27: =VLOOKUP(E27,환율!$A$1798:$B$2194,2,) -> 1401.1 | G27: 601.2 | H27: =ROUNDDOWN(G27*F27,0) -> 842341
B28: DSM2411-05 | C28: 4107224503313X | E28: 45624 | F28: =VLOOKUP(E28,환율!$A$1798:$B$2194,2,) -> 1396.8 | G28: 9066.96 | H28: =ROUNDDOWN(G28*F28,0) -> 12664729
B29: DSM2411-06 | C29: 4107224503211X | E29: 45609 | F29: =VLOOKUP(E29,환율!$A$1798:$B$2194,2,) -> 1401.1 | G29: 290.6 | H29: =ROUNDDOWN(G29*F29,0) -> 407159
B30: DSM2411-08 | C30: 4107224202394X | E30: 45609 | F30: =VLOOKUP(E30,환율!$A$1798:$B$2194,2,) -> 1401.1 | G30: 683.76 | H30: =ROUNDDOWN(G30*F30,0) -> 958016
B31: DSM2411-09 | C31: 4107224503314X | E31: 45626 | F31: =VLOOKUP(E31,환율!$A$1798:$B$2194,2,) -> 1394.7 | G31: 59419.5 | H31: =ROUNDDOWN(G31*F31,0) -> 82872376
B32: DSM2411-07 | C32: 4107224503237X | E32: 45628 | F32: =VLOOKUP(E32,환율!$A$1798:$B$2194,2,) -> 1395.1 | G32: 54913.04 | H32: =ROUNDDOWN(G32*F32,0) -> 76609182 | J32: ㅇ
B33: DSM2411-10 | C33: 4107224503379X | E33: 45631 | F33: =VLOOKUP(E33,환율!$A$1798:$B$2194,2,) -> 1413 | G33: 11837 | H33: =ROUNDDOWN(G33*F33,0) -> 16725681 | J33: ㅇ
B34: DSM2411-11 | C34: 4107224503454X | E34: 45637 | F34: =VLOOKUP(E34,환율!$A$1798:$B$2194,2,) -> 1428.1 | G34: 76258 | H34: =ROUNDDOWN(G34*F34,0) -> 108904049 | J34: ㅇ
A35: 소계 | G35: =SUM(G24:G34) -> 222887.7 | H35: =SUM(H24:H34) -> 313696401 | I35: 158334866 | J35: =+H35-I35 -> 155361535
A36: Mercury China | B36: DSM2411-MC01 | C36: 4107224202310X | E36: 45610 | F36: =VLOOKUP(E36,환율!$A$1798:$B$2194,2,) -> 1407.3 | G36: 122047.96 | H36: =ROUNDDOWN(G36*F36,0) -> 171758094
B37: DSM2411-MC02 | C37: 4107224503438X | E37: 45634 | F37: =VLOOKUP(E37,환율!$A$1798:$B$2194,2,) -> 1414.9 | G37: 124453.92 | H37: =ROUNDDOWN(G37*F37,0) -> 176089851 | J37: ㅇ
A38: 소계 | G38: =SUM(G36:G37) -> 246501.88 | H38: =SUM(H36:H37) -> 347847945 | I38: 174015330 | J38: =+H38-I38 -> 173832615
A39: R&R | B39: DSM2408-R02 | C39: 4107224502718X | E39: 45597 | F39: =VLOOKUP(E39,환율!$A$1798:$B$2194,2,) -> 1379.3 | G39: =H39/F39 -> 31942.414 | H39: 44058172
B40: DSM2411-R01 | C40: 4107224503512X | E40: 45639 | F40: =VLOOKUP(E40,환율!$A$1798:$B$2194,2,) -> 1431.5 | G40: =H40/F40 -> 29250.185 | H40: 41871640
B41: DSM2411-R02 | C41: 4107224503513X | E41: 45652 | F41: =VLOOKUP(E41,환율!$A$1798:$B$2194,2,) -> 1453.6 | G41: =H41/F41 -> 14310.091 | H41: 20801148
A42: 소계 | G42: =SUM(G39:G41) -> 75502.69 | H42: =SUM(H39:H41) -> 106730960 | I42: 46027776 | J42: =+H42-I42 -> 60703184
A43: SAM | B43: DSM2411-SM01 | C43: 4112924110204X | E43: 45626 | F43: =VLOOKUP(E43,환율!$A$1798:$B$2194,2,) -> 1394.7 | G43: 39476 | H43: =ROUNDDOWN(G43*F43,0) -> 55057177
A44: 소계 | G44: =SUM(G43:G43) -> 39476 | H44: =SUM(H43:H43) -> 55057177 | I44: 108634004 | J44: =+H44-I44 -> -53576827
A45: SEASTAR | F45: 0 | H45: =ROUNDDOWN(G45*F45,0) -> 0
A46: 소계 | G46: =SUM(G45:G45) -> 0 | H46: =SUM(H45:H45) -> 0 | I46: =SUM(I45:I45) -> 0 | J46: =+H46-I46 -> 0
A47: Emerson | B47: DSM2411-EM01 | C47: 4107224503132X | E47: 45605 | F47: =VLOOKUP(E47,환율!$A$1798:$B$2194,2,) -> 1399.1 | G47: 1448.39 | H47: =ROUNDDOWN(G47*F47,0) -> 2026442
B48: DSM2411-EM02 | C48: 4107224503133X | E48: 45603 | F48: =VLOOKUP(E48,환율!$A$1798:$B$2194,2,) -> 1391.5 | G48: 1522.46 | H48: =ROUNDDOWN(G48*F48,0) -> 2118503
B49: DSM2411-EM03 | C49: 4107224503179X | E49: 45610 | F49: =VLOOKUP(E49,환율!$A$1798:$B$2194,2,) -> 1407.3 | G49: 1277.31 | H49: =ROUNDDOWN(G49*F49,0) -> 1797558
B50: DSM2411-EM05 | C50: 4107224503194X | E50: 45608 | F50: =VLOOKUP(E50,환율!$A$1798:$B$2194,2,) -> 1395.3 | G50: 301.26 | H50: =ROUNDDOWN(G50*F50,0) -> 420348
B51: DSM2411-EM06 | C51: 4107224503215X | E51: 45610 | F51: =VLOOKUP(E51,환율!$A$1798:$B$2194,2,) -> 1407.3 | G51: 1037.28 | H51: =ROUNDDOWN(G51*F51,0) -> 1459764
B52: DSM2411-EM07 | C52: 4107224503240X | E52: 45625 | F52: =VLOOKUP(E52,환율!$A$1798:$B$2194,2,) -> 1394.7 | G52: 844.17 | H52: =ROUNDDOWN(G52*F52,0) -> 1177363
B53: DSM2411-EM08 | C53: 4107224503218X | E53: 45615 | F53: =VLOOKUP(E53,환율!$A$1798:$B$2194,2,) -> 1392.6 | G53: 3984 | H53: =ROUNDDOWN(G53*F53,0) -> 5548118
B54: DSM2411-EM11 | C54: 4107224202492X | E54: 45623 | F54: =VLOOKUP(E54,환율!$A$1798:$B$2194,2,) -> 1401.2 | G54: 3422.03 | H54: =ROUNDDOWN(G54*F54,0) -> 4794948
B55: DSM2410-EM05 | C55: 4107224502887X | E55: 45597 | F55: =VLOOKUP(E55,환율!$A$1798:$B$2194,2,) -> 1379.3 | G55: 2497.93 | H55: =ROUNDDOWN(G55*F55,0) -> 3445394
B56: DSM2411-EM04 | C56: 4107224202395X | E56: 45635 | F56: =VLOOKUP(E56,환율!$A$1798:$B$2194,2,) -> 1419.4 | G56: 37501 | H56: =ROUNDDOWN(G56*F56,0) -> 53228919 | J56: ㅇ
B57: DSM2411-EM09 | C57: 4107224503343X | E57: 45635 | F57: =VLOOKUP(E57,환율!$A$1798:$B$2194,2,) -> 1419.4 | G57: 27047.5 | H57: =ROUNDDOWN(G57*F57,0) -> 38391221 | J57: ㅇ
B58: DSM2411-EM10 | C58: 4107224503344X | E58: 45629 | F58: =VLOOKUP(E58,환율!$A$1798:$B$2194,2,) -> 1402 | G58: 18849.75 | H58: =ROUNDDOWN(G58*F58,0) -> 26427349 | J58: ㅇ
A59: 소계 | G59: =SUM(G47:G58) -> 99733.08 | H59: =SUM(H47:H58) -> 140835927 | I59: 119196626 | J59: =+H59-I59 -> 21639301
A60: AMAT | B60: DSM2411-AM01 | C60: 2057624110207X | E60: 45608 | F60: =VLOOKUP(E60,환율!$A$1798:$B$2194,2,) -> 1395.3 | G60: 1843.69 | H60: =ROUNDDOWN(G60*F60,0) -> 2572500
B61: DSM2411-AM02 | C61: 2057624110367X | E61: 45615 | F61: =VLOOKUP(E61,환율!$A$1798:$B$2194,2,) -> 1392.6 | G61: 1773.69 | H61: =ROUNDDOWN(G61*F61,0) -> 2470040
B62: DSM2411-AM03 | C62: 2057624120320X | E62: 45647 | F62: =VLOOKUP(E62,환율!$A$1798:$B$2194,2,) -> 1449.7 | G62: 70369.49 | H62: =ROUNDDOWN(G62*F62,0) -> 102014649
A63: 소계 | G63: =SUM(G60:G62) -> 73986.87 | H63: =SUM(H60:H62) -> 107057189 | I63: 137619132 | J63: =+H63-I63 -> -30561943
A64: SINKO IND LTD (신코) | B64: DSM2411-SK01 | C64: 4107224202333X | E64: 45605 | F64: 9.1421 | G64: 18152594 | H64: =ROUNDDOWN(G64*F64,0) -> 165952829
B65: DSM2411-SK02 | C65: 4107224503251X | E65: 45613 | F65: 8.9961 | G65: 14477048 | H65: =ROUNDDOWN(G65*F65,0) -> 130236971
B66: DSM2411-SK03 | C66: 4107224503356X | E66: 45623 | F66: 9.1501 | G66: 17820072 | H66: =ROUNDDOWN(G66*F66,0) -> 163055440
B67: DSM2411-SK04 | C67: 4107224503393X | E67: 45626 | F67: 9.2087 | G67: 17017110 | H67: =ROUNDDOWN(G67*F67,0) -> 156705460
B68: DSM ABS CMHI 282-01-SK05 | E68: 45616 | F68: 9.0056 | G68: 520000 | H68: =ROUNDDOWN(G68*F68,0) -> 4682912
B69: DSM ABS CMHI 282-02-SK05 | E69: 45616 | F69: 9.0056 | G69: 523000 | H69: =ROUNDDOWN(G69*F69,0) -> 4709928
B70: DSM ABS CMHI 2552-SK05 | E70: 45616 | F70: 9.0056 | G70: 530000 | H70: =ROUNDDOWN(G70*F70,0) -> 4772968
B71: DSM ABS CMHI 2572-SK05 | E71: 45616 | F71: 9.0056 | G71: 508000 | H71: =ROUNDDOWN(G71*F71,0) -> 4574844
B72: DSM CCS G175K-3-SK05 | E72: 45616 | F72: 9.0056 | G72: 116000 | H72: =ROUNDDOWN(G72*F72,0) -> 1044649
B73: DSM CCS H1909A-SK05 | E73: 45616 | F73: 9.0056 | G73: 132000 | H73: =ROUNDDOWN(G73*F73,0) -> 1188739
A74: 소계 | G74: =SUM(G64:G73) -> 69795824 | H74: =SUM(H64:H73) -> 636924740 | I74: 682318636 | J74: =+H74-I74 -> -45393896
A75: ATLAS COPCO | B75: DSM2411-AT01 | E75: 45602 | F75: =VLOOKUP(E75,환율!$A$1798:$B$2194,2,) -> 1377.8 | G75: =H75/F75 -> 15623.748 | H75: 21526400
B76: DSM2411-AT02 | E76: 45625 | F76: =VLOOKUP(E76,환율!$A$1798:$B$2194,2,) -> 1394.7 | G76: =H76/F76 -> 7717.2152 | H76: 10763200
B77: DSM2411-AT03 | E77: 45625 | F77: =VLOOKUP(E77,환율!$A$1798:$B$2194,2,) -> 1394.7 | G77: =H77/F77 -> 7717.2152 | H77: 10763200
B78: DSM2411-AC01 | C78: 4107224202511X | E78: 45625 | F78: =VLOOKUP(E78,환율!$A$1798:$B$2194,2,) -> 1394.7 | G78: 19453.68 | H78: =ROUNDDOWN(G78*F78,0) -> 27132047
A79: 소계 | G79: =SUM(G75:G78) -> 50511.858 | H79: =SUM(H75:H78) -> 70184847 | I79: 24586760 | J79: =+H79-I79 -> 45598087
A80: 당월 => 익월로 이월 | F80: 총계 | G80: 물품대 | H80: =+H82-H81 -> 3645635716 | I80: 3309893304 | J80: =+H80-I80 -> 335742412
A81: 구분 | B81: 이월금액 | C81: 구분 | E81: 이월금액 | G81: Tooling외 | H81: =SUM(H68:H73,H18,H19) -> 55039157 | I81: 104632633 | J81: =+H81-I81 -> -49593476
A82: Allison | B82: =H14 -> 578304606 | C82: NIKKISO | E82: 0 | G82: 합계 | H82: =SUM(H15,H23,H35,H38,H42,H44,H46,H59,H63,H74,H79) -> 3700674873 | I82: 3414525937 | J82: =+H82-I82 -> 286148936
A83: Polaris | B83: =SUM(H20:H22) -> 77293838 | C83: SEASTAR | E83: 0 | F83: 구분 | G83: 10월 이월분 | H83: 11월 당월분 | I83: 12월 이월분 | J83: 국외 매출 최종
A84: Mercury | B84: =SUM(H32:H34) -> 202238912 | C84: Emerson | E84: =SUM(H56:H58) -> 118047489 | F84: 창원공장 | G84: 157807444 | H84: =SUM(H64:H73) -> 636924740 | I84: 0 | J84: =SUM(G84:H84) -> 794732184
A85: Mercury China | B85: =H37 -> 176089851 | C85: AMAT | E85: =SUM(H62) -> 102014649 | F85: 마산1공장 | G85: =346896881 -> 346896881 | H85: =SUM(H16:H19,H24:H31,H36,H39) -> 430632216 | I85: =SUM(H20:H22,H32:H34,H45,H40:H41,H37) -> 518295389 | J85: =SUM(G85:H85) -> 777529097
A86: NorthStar | B86: 0 | C86: SAM | E86: 0 | F86: 마산2공장 | G86: 507102466 | H86: =SUM(H12:H13) -> 1163382782 | I86: =H14 -> 578304606 | J86: =SUM(G86:H86) -> 1670485248
A87: R&R | B87: =H40+H41 -> 62672788 | C87: SHINKO IND LTD | E87: 0 | F87: 마산3공장 | G87: 195167323 | H87: =SUM(H47:H55,H43:H43,H60:H61,H78) -> 110020202 | I87: =SUM(H62,H56:H58) -> 220062138 | J87: =SUM(G87:H87) -> 305187525
A88: 기타 | B88: 0 | F88: 과세매출(국내매출) | G88: 0 | H88: =SUM(H75:H77) -> 43052800 | I88: 0 | J88: =SUM(G88:H88) -> 43052800 | K88: =I89=E89 -> TRUE
B89: 합계 | E89: =SUM(B82:B88,E82:E88) -> 1316662133 | F89: 총계 | G89: =SUM(G84:G88) -> 1206974114 | H89: =SUM(H84:H88) -> 2384012740 | I89: =SUM(I84:I88) -> 1316662133 | J89: =+G89+H89 -> 3590986854 | K89: =H82=H89+I89 -> TRUE
F90: ATLAS COPCO 제외 금액(해외매출) | J90: =J89-J88 -> 3547934054
J91: 3547934054
J92: =J90-J91 -> 0

Sheet Sheet3
E13: 사 원 | G13: 사 원 | I13: 선 임 | K13: 실 장

Sheet 24.12 (갑) 
L3: 결 재 | M3: 사 원 | N3: 사 원 | O3: 선 임 | P3: 팀 장 | Q3: 실 장
A5: ※ 2024년 12월 마감내역 ※
A10: 거래처 | B10: Invoice | C10: 면장번호 | D10: 인보이스 날짜 | E10: BL일자 | F10: 환율 | G10: 금액
G11: 외화금액 | H11: 원화환산금액 | I11: 전월금액 | J11: 증감액
A12: Allison | B12: DSM2412-AL01 | C12: 4107224503496X | E12: 45640 | F12: =VLOOKUP(E12,[1]환율!$A$1798:$B$2194,2,) -> 1431.5 | G12: 405454.75 | H12: =ROUNDDOWN(G12*F12,0) -> 580408474
B13: DSM2412-AL02 | C13: 4107224503580X | E13: 45650 | F13: =VLOOKUP(E13,[1]환율!$A$1798:$B$2194,2,) -> 1449.3 | G13: 403801.54 | H13: =ROUNDDOWN(G13*F13,0) -> 585229571
B14: DSM2411-AL01TA | E14: 45637 | F14: =VLOOKUP(E14,[1]환율!$A$1798:$B$3000,2,) -> 1428.1 | G14: 18600 | H14: =ROUNDDOWN(G14*F14,0) -> 26562660
B15: DSM2411-AL02TA | E15: 45637 | F15: =VLOOKUP(E15,[1]환율!$A$1798:$B$3000,2,) -> 1428.1 | G15: 15700 | H15: =ROUNDDOWN(G15*F15,0) -> 22421170
B16: DSM2411-AL03TA | E16: 45637 | F16: =VLOOKUP(E16,[1]환율!$A$1798:$B$3000,2,) -> 1428.1 | G16: 49750 | H16: =ROUNDDOWN(G16*F16,0) -> 71047975
B17: DSM2412-AL01TA | E17: 45637 | F17: =VLOOKUP(E17,[1]환율!$A$1798:$B$3000,2,) -> 1428.1 | G17: 21200 | H17: =ROUNDDOWN(G17*F17,0) -> 30275720
B18: DSM2412-AL02TA | E18: 45637 | F18: =VLOOKUP(E18,[1]환율!$A$1798:$B$3000,2,) -> 1428.1 | G18: 33632 | H18: =ROUNDDOWN(G18*F18,0) -> 48029859
B19: DSM2412-AL03TA | E19: 45637 | F19: =VLOOKUP(E19,[1]환율!$A$1798:$B$3000,2,) -> 1428.1 | G19: 27300 | H19: =ROUNDDOWN(G19*F19,0) -> 38987130
B20: DSM2412-AL04TA | E20: 45637 | F20: =VLOOKUP(E20,[1]환율!$A$1798:$B$3000,2,) -> 1428.1 | G20: 37232 | H20: =ROUNDDOWN(G20*F20,0) -> 53171019
B21: DSM2412-AL05TA | E21: 45637 | F21: =VLOOKUP(E21,[1]환율!$A$1798:$B$3000,2,) -> 1428.1 | G21: 31450 | H21: =ROUNDDOWN(G21*F21,0) -> 44913745
B22: DSM2412-AL06TA | E22: 45637 | F22: =VLOOKUP(E22,[1]환율!$A$1798:$B$3000,2,) -> 1428.1 | G22: 11850 | H22: =ROUNDDOWN(G22*F22,0) -> 16922985
B23: DSM2412-AL07TA | E23: 45637 | F23: =VLOOKUP(E23,[1]환율!$A$1798:$B$3000,2,) -> 1428.1 | G23: 10700 | H23: =ROUNDDOWN(G23*F23,0) -> 15280670
B24: DSM2412-AL08TA | E24: 45637 | F24: =VLOOKUP(E24,[1]환율!$A$1798:$B$3000,2,) -> 1428.1 | G24: 14150 | H24: =ROUNDDOWN(G24*F24,0) -> 20207615
B25: DSM2412-AL09TA | E25: 45637 | F25: =VLOOKUP(E25,[1]환율!$A$1798:$B$3000,2,) -> 1428.1 | G25: 10700 | H25: =ROUNDDOWN(G25*F25,0) -> 15280670
B26: DSM2412-AL10TA | E26: 45637 | F26: =VLOOKUP(E26,[1]환율!$A$1798:$B$3000,2,) -> 1428.1 | G26: 28950 | H26: =ROUNDDOWN(G26*F26,0) -> 41343495
B27: DSM2412-AL03 | C27: 4107224503641X | E27: 45669 | F27: =VLOOKUP(E27,환율!$A$1798:$B$3001,2,) -> 1458.2 | G27: 422161.91 | H27: =ROUNDDOWN(G27*F27,0) -> 615596497
A28: 소계 | G28: =SUM(G12:G27) -> 1542632.2 | H28: =SUM(H12:H27) -> 2225679255 | I28: 1741687388 | J28: =+H28-I28 -> 483991867
A29: Polaris | B29: 2412P01 | C29: 4107224503495X | E29: 45652 | F29: =VLOOKUP(E29,[1]환율!$A$1798:$B$3000,2,) -> 1453.6 | G29: 85959.18 | H29: =ROUNDDOWN(G29*F29,0) -> 124950264
B30: 2412P03 | C30: 4107224503567X | E30: 45653 | F30: =VLOOKUP(E30,[1]환율!$A$1798:$B$3000,2,) -> 1462.9 | G30: 70305.12 | H30: =ROUNDDOWN(G30*F30,0) -> 102849360
B31: 2412P04 | C31: 4107224503527X | E31: 45648 | F31: =VLOOKUP(E31,[1]환율!$A$1798:$B$3000,2,) -> 1449.7 | G31: 33770.88 | H31: =ROUNDDOWN(G31*F31,0) -> 48957644
B32: 2407P436TB | E32: 45632 | F32: =VLOOKUP(E32,[1]환율!$A$1798:$B$3000,2,) -> 1414.9 | G32: 10890 | H32: =ROUNDDOWN(G32*F32,0) -> 15408261
B33: 2407P436TC | E33: 45642 | F33: =VLOOKUP(E33,[1]환율!$A$1798:$B$3000,2,) -> 1432.7 | G33: 11220 | H33: =ROUNDDOWN(G33*F33,0) -> 16074894
B34: 2407P139TB | E34: 45632 | F34: =VLOOKUP(E34,[1]환율!$A$1798:$B$3000,2,) -> 1414.9 | G34: 9867 | H34: =ROUNDDOWN(G34*F34,0) -> 13960818
B35: 2407P139TC | E35: 45642 | F35: =VLOOKUP(E35,[1]환율!$A$1798:$B$3000,2,) -> 1432.7 | G35: 10166 | H35: =ROUNDDOWN(G35*F35,0) -> 14564828
B36: 2407P140TB | E36: 45632 | F36: =VLOOKUP(E36,[1]환율!$A$1798:$B$3000,2,) -> 1414.9 | G36: 9867 | H36: =ROUNDDOWN(G36*F36,0) -> 13960818
B37: 2407P140TC | E37: 45642 | F37: =VLOOKUP(E37,[1]환율!$A$1798:$B$3000,2,) -> 1432.7 | G37: 10166 | H37: =ROUNDDOWN(G37*F37,0) -> 14564828
B38: 2412P02 | C38: 4107224202734X | E38: 45684 | F38: =VLOOKUP(E38,환율!$A$1798:$B$3001,2,) -> 1437.1 | G38: 60816.77 | H38: =ROUNDDOWN(G38*F38,0) -> 87399780
A39: 소계 | G39: =SUM(G29:G38) -> 313027.95 | H39: =SUM(H29:H38) -> 452691495 | I39: 180652299 | J39: =+H39-I39 -> 272039196
A40: Mercury | B40: DSM2412-01 | C40: 4107224503455X | E40: 45642 | F40: =VLOOKUP(E40,[1]환율!$A$1798:$B$3000,2,) -> 1432.7 | G40: 5567.04 | H40: =ROUNDDOWN(G40*F40,0) -> 7975898
B41: DSM2412-02 | C41: 4107224503456X | E41: 45642 | F41: =VLOOKUP(E41,[1]환율!$A$1798:$B$3000,2,) -> 1432.7 | G41: 6391.52 | H41: =ROUNDDOWN(G41*F41,0) -> 9157130
B42: DSM2412-03 | C42: 4107224202641X | E42: 45646 | F42: =VLOOKUP(E42,[1]환율!$A$1798:$B$3000,2,) -> 1449.7 | G42: 2783.52 | H42: =ROUNDDOWN(G42*F42,0) -> 4035268
B43: DSM2412-05 | C43: 4107224202643X | E43: 45645 | F43: =VLOOKUP(E43,[1]환율!$A$1798:$B$3000,2,) -> 1436.8 | G43: 128730 | H43: =ROUNDDOWN(G43*F43,0) -> 184959264
B44: DSM2412-06 | C44: 4107224202644X | E44: 45646 | F44: =VLOOKUP(E44,[1]환율!$A$1798:$B$3000,2,) -> 1449.7 | G44: 5174.4 | H44: =ROUNDDOWN(G44*F44,0) -> 7501327
B45: DSM2412-07 | C45: 4107224503583X | E45: 45654 | F45: =VLOOKUP(E45,[1]환율!$A$1798:$B$3000,2,) -> 1462.9 | G45: 18375.72 | H45: =ROUNDDOWN(G45*F45,0) -> 26881840
B46: DSM2412-04 | C46: 4107224202642X | E46: 45665 | F46: =VLOOKUP(E46,환율!$A$1798:$B$3001,2,) -> 1455.4 | G46: 8736 | H46: =ROUNDDOWN(G46*F46,0) -> 12714374
B47: DSM2412-08 | C47: 4107224503584X | E47: 45658 | F47: =VLOOKUP(E47,[1]환율!$A$1798:$B$3000,2,) -> 1470 | G47: 145466 | H47: =ROUNDDOWN(G47*F47,0) -> 213835020
B48: DSM2412-09 | C48: 4107224503634X | E48: 45663 | F48: =VLOOKUP(E48,[1]환율!$A$1798:$B$3000,2,) -> 1466.8 | G48: 4771.2 | H48: =ROUNDDOWN(G48*F48,0) -> 6998396
B49: DSM2412-10 | C49: 4107224503635X | E49: 45664 | F49: =VLOOKUP(E49,환율!$A$1798:$B$3001,2,) -> 1470.8 | G49: 76258 | H49: =ROUNDDOWN(G49*F49,0) -> 112160266
B50: DSM2412-11 | C50: 4107225500020X | E50: 45684 | F50: =VLOOKUP(E50,환율!$A$1798:$B$3001,2,) -> 1437.1 | G50: 23786 | H50: =ROUNDDOWN(G50*F50,0) -> 34182860
A51: 소계 | G51: =SUM(G40:G50) -> 426039.4 | H51: =SUM(H40:H50) -> 620401643 | I51: 317306638 | J51: =+H51-I51 -> 303095005
A52: Mercury China | B52: DSM2412-MC01 | C52: 4107224202725X | E52: 45648 | F52: =VLOOKUP(E52,[1]환율!$A$1798:$B$3000,2,) -> 1449.7 | G52: 118980 | H52: =ROUNDDOWN(G52*F52,0) -> 172485306
A53: 소계 | G53: =SUM(G52:G52) -> 118980 | H53: =SUM(H52:H52) -> 172485306 | I53: 345333976 | J53: =+H53-I53 -> -172848670
A54: R&R | B54: DSM2412-R01 | C54: 4107225500149X | E54: 45672 | F54: =VLOOKUP(E54,환율!$A$1798:$B$3001,2,) -> 1463.3 | G54: =H54/F54 -> 9005.3188 | H54: 13177483
B55: DSM2412-R02 | C55: 4107225200149X | E55: 45689 | F55: =VLOOKUP(E55,환율!$A$1798:$B$3001,2,) -> 1433.3 | G55: =H55/F55 -> 36029.445 | H55: 51641003
A56: 소계 | G56: 0 | H56: =SUM(H54:H55) -> 64818486 | I56: 106730960 | J56: =+H56-I56 -> -41912474
A57: SAM | B57: DSM2412-SM01 | C57: 4112924120158X | E57: 45648 | F57: =VLOOKUP(E57,[1]환율!$A$1798:$B$3000,2,) -> 1449.7 | G57: 39476 | H57: =ROUNDDOWN(G57*F57,0) -> 57228357
A58: 소계 | G58: =SUM(G57:G57) -> 39476 | H58: =SUM(H57:H57) -> 57228357 | I58: 55057177 | J58: =+H58-I58 -> 2171180
A59: SEASTAR | B59: DSM2412-SE01 | C59: 4107224503502X | E59: 45644 | F59: =VLOOKUP(E59,[1]환율!$A$1798:$B$3000,2,) -> 1436.6 | G59: 16559.7 | H59: =ROUNDDOWN(G59*F59,0) -> 23789665
B60: DSM2412-SE02 | C60: 4107224503579X | E60: 45659 | F60: =VLOOKUP(E60,[1]환율!$A$1798:$B$3000,2,) -> 1470 | G60: 3456 | H60: =ROUNDDOWN(G60*F60,0) -> 5080320
A61: 소계 | G61: =SUM(G59:G59) -> 16559.7 | H61: =SUM(H59:H60) -> 28869985 | I61: =SUM(I59:I59) -> 0 | J61: =+H61-I61 -> 28869985
A62: Emerson | B62: DSM2412-EM01 | C62: 4107224503394X | E62: 45650 | F62: =VLOOKUP(E62,[1]환율!$A$1798:$B$3000,2,) -> 1449.3 | G62: 33188 | H62: =ROUNDDOWN(G62*F62,0) -> 48099368
B63: DSM2412-EM02 | C63: 4107224503494X | E63: 45638 | F63: =VLOOKUP(E63,[1]환율!$A$1798:$B$3000,2,) -> 1431.4 | G63: 843.4 | H63: =ROUNDDOWN(G63*F63,0) -> 1207242
B64: DSM2412-EM03 | C64: 4107224503517X | E64: 45645 | F64: =VLOOKUP(E64,[1]환율!$A$1798:$B$3000,2,) -> 1436.8 | G64: 705.1 | H64: =ROUNDDOWN(G64*F64,0) -> 1013087
B65: DSM2412-EM04 | C65: 4107224503533X | E65: 45645 | F65: =VLOOKUP(E65,[1]환율!$A$1798:$B$3000,2,) -> 1436.8 | G65: 1506.3 | H65: =ROUNDDOWN(G65*F65,0) -> 2164251
B66: DSM2412-EM05 | C66: 4107224503535X | E66: 45645 | F66: =VLOOKUP(E66,[1]환율!$A$1798:$B$3000,2,) -> 1436.8 | G66: 1281 | H66: =ROUNDDOWN(G66*F66,0) -> 1840540
B67: DSM2412-EM06 | C67: 4107224503536X | E67: 45646 | F67: =VLOOKUP(E67,[1]환율!$A$1798:$B$3000,2,) -> 1449.7 | G67: 320.25 | H67: =ROUNDDOWN(G67*F67,0) -> 464266
B68: DSM2412-EM07 | C68: 4107224503551X | E68: 45645 | F68: =VLOOKUP(E68,[1]환율!$A$1798:$B$3000,2,) -> 1436.8 | G68: 339.4 | H68: =ROUNDDOWN(G68*F68,0) -> 487649
B69: DSM2412-EM08 | C69: 4107224503631X | E69: 45657 | F69: =VLOOKUP(E69,[1]환율!$A$1798:$B$3000,2,) -> 1470 | G69: 8944.25 | H69: =ROUNDDOWN(G69*F69,0) -> 13148047
B70: DSM2412-EM010 | C70: 4107224503617X | E70: 45654 | F70: =VLOOKUP(E70,[1]환율!$A$1798:$B$3000,2,) -> 1462.9 | G70: 864.4 | H70: =ROUNDDOWN(G70*F70,0) -> 1264530
B71: DSM2412-EM11 | C71: 4107224503621X | E71: 45655 | F71: =VLOOKUP(E71,[1]환율!$A$1798:$B$3000,2,) -> 1462.9 | G71: 1134.66 | H71: =ROUNDDOWN(G71*F71,0) -> 1659894
A72: 소계 | G72: =SUM(G62:G71) -> 49126.76 | H72: =SUM(H62:H71) -> 71348874 | I72: 140167854 | J72: =+H72-I72 -> -68818980
A73: AMAT | B73: DSM2412-AM01 | C73: 2057624120557X | E73: 45655 | F73: =VLOOKUP(E73,[1]환율!$A$1798:$B$3000,2,) -> 1462.9 | G73: 87117.91 | H73: =ROUNDDOWN(G73*F73,0) -> 127444790
A74: 소계 | G74: =SUM(G73:G73) -> 87117.91 | H74: =SUM(H73:H73) -> 127444790 | I74: 103186867 | J74: =+H74-I74 -> 24257923
A75: SINKO IND LTD (신코) | B75: DSM2412-SK01 | C75: 4107224503464X | E75: 45635 | F75: 9.4706 | G75: 16950946 | H75: =ROUNDDOWN(G75*F75,0) -> 160535629
B76: DSM2412-SK02 | C76: 4107224202665X | E76: 45641 | F76: 9.3804 | G76: 19000276 | H76: =ROUNDDOWN(G76*F76,0) -> 178230188
B77: DSM2412-SK03 | C77: 4107224503598X | E77: 45647 | F77: 9.2021 | G77: 15013960 | H77: =ROUNDDOWN(G77*F77,0) -> 138159961 | K77: BL
B78: DSM2412-SK04 | C78: 4107224503639X | E78: 45662 | F78: 9.3219 | G78: 16614410 | H78: =ROUNDDOWN(G78*F78,0) -> 154877868
A79: 소계 | G79: =SUM(G75:G78) -> 67579592 | H79: =SUM(H75:H78) -> 631803646 | I79: 636924740 | J79: =+H79-I79 -> -5121094
A80: ATLAS COPCO | B80: DSM2412-AT01 | E80: 45631 | F80: =VLOOKUP(E80,[1]환율!$A$1798:$B$3000,2,) -> 1413 | G80: =H80/F80 -> 8378.995 | H80: 11839520
B81: DSM2412-AT02 | E81: 45645 | F81: =VLOOKUP(E81,[1]환율!$A$1798:$B$3000,2,) -> 1436.8 | G81: =H81/F81 -> 8240.2004 | H81: 11839520
B82: DSM2412-AT03 | E82: 45645 | F82: =VLOOKUP(E82,[1]환율!$A$1798:$B$3000,2,) -> 1436.8 | G82: =H82/F82 -> 8240.2004 | H82: 11839520
A83: 소계 | G83: =SUM(G80:G82) -> 24859.396 | H83: =SUM(H80:H82) -> 35518560 | I83: 70184847 | J83: =+H83-I83 -> -34666287
A84: 당월 => 익월로 이월 | F84: 총계 | G84: 물품대 | H84: =+H86-H85 -> 3955311237 | I84: 3645635716 | J84: =+H84-I84 -> 309675521
A85: 구분 | B85: 이월금액 | C85: 구분 | E85: 이월금액 | G85: Tooling외 | H85: =SUM(H14:H26,H32:H37) -> 532979160 | I85: 55039157 | J85: =+H85-I85 -> 477940003
A86: Allison | B86: =H27 -> 615596497 | C86: NIKKISO | E86: 0 | G86: 합계 | H86: =SUM(H28,H39,H51,H53,H56,H58,H61,H72,H74,H79,H83) -> 4488290397 | I86: 3700674873 | J86: =+H86-I86 -> 787615524
A87: Polaris | B87: =SUM(H38) -> 87399780 | C87: SEASTAR | E87: =H60 -> 5080320 | F87: 구분 | G87: 11월 이월분 | H87: 12월 당월분 | I87: 1월 이월분 | J87: 국외 매출 최종
A88: Mercury | B88: =SUM(H46:H50) -> 379890916 | C88: Emerson | E88: 0 | F88: 창원공장 | G88: 0 | H88: =SUM(H75:H77) -> 476925778 | I88: =H78 -> 154877868 | J88: =SUM(G88:H88) -> 476925778
A89: Mercury China | B89: 0 | C89: AMAT | E89: 0 | F89: 마산1공장 | G89: 518295389 | H89: =SUM(H29:H37,H40:H45,H52,H59) -> 802077413 | I89: =SUM(H46:H50,H60,H54:H55,H38) -> 537189502 | J89: =SUM(G89:H89) -> 1320372802
A90: NorthStar | B90: 0 | C90: SAM | E90: 0 | F90: 마산2공장 | G90: 578304606 | H90: =SUM(H12:H26) -> 1610082758 | I90: =H27 -> 615596497 | J90: =SUM(G90:H90) -> 2188387364
A91: R&R | B91: =H54+H55 -> 64818486 | C91: SHINKO IND LTD | E91: =H78 -> 154877868 | F91: 마산3공장 | G91: 220062138 | H91: =SUM(H62:H71,H57:H57,H73:H73) -> 256022021 | I91: 0 | J91: =SUM(G91:H91) -> 476084159
A92: 기타 | B92: 0 | F92: 과세매출(국내매출) | G92: 0 | H92: =H83 -> 35518560 | I92: 0 | J92: =SUM(G92:H92) -> 35518560 | K92: =I93=E93 -> TRUE
B93: 합계 | E93: =SUM(B86:B92,E86:E92) -> 1307663867 | F93: 총계 | G93: =SUM(G88:G92) -> 1316662133 | H93: =SUM(H88:H92) -> 3180626530 | I93: =SUM(I88:I92) -> 1307663867 | J93: =+G93+H93 -> 4497288663 | K93: =H86=H93+I93 -> TRUE
F94: ATLAS COPCO 제외 금액(해외매출) | J94: =J93-J92 -> 4461770103
J95: 4461770103
J96: =J94-J95 -> 0

Sheet Sheet4
C6: 결 재 | D6: 사 원 | E6: 사 원 | F6: 선 임 | G6: 실 장

Sheet 25.01 (갑) 
L3: 결 재 | M3: 사 원 | N3: 사 원 | O3: 선 임 | P3: 팀 장 | Q3: 실 장
A5: ※ 2025년 1월 마감내역 ※
A10: 거래처 | B10: Invoice | C10: 면장번호 | D10: 인보이스 날짜 | E10: BL일자 | F10: 환율 | G10: 금액
G11: 외화금액 | H11: 원화환산금액 | I11: 전월금액 | J11: 증감액
A12: Allison | B12: DSM2501-AL01 | C12: 4107225500137X | E12: 45682 | F12: =VLOOKUP(E12,환율!$A$1798:$B$3001,2,) -> 1437.1 | G12: 401503.6 | H12: =ROUNDDOWN(G12*F12,0) -> 577000823
B13: DSM2501-AL02 | C13: 4107225500232X | E13: 45690 | F13: =VLOOKUP(E13,환율!$A$1798:$B$3001,2,) -> 1433.3 | G13: 370512.8 | H13: =ROUNDDOWN(G13*F13,0) -> 531055996
B14: DSM2501-AL03 | C14: 4107225500251X | E14: 45695 | F14: =VLOOKUP(E14,환율!$A$1798:$B$3001,2,) -> 1447.1 | G14: 383726.55 | H14: =ROUNDDOWN(G14*F14,0) -> 555290690
A15: 소계 | G15: =SUM(G12:G14) -> 1155742.9 | H15: =SUM(H12:H14) -> 1663347509 | I15: 2225679255 | J15: =+H15-I15 -> -562331746
A16: Polaris | B16: 2501P01 | C16: 4107225500142X | E16: 45682 | F16: =VLOOKUP(E16,환율!$A$1798:$B$3001,2,) -> 1437.1 | G16: 69220.8 | H16: =ROUNDDOWN(G16*F16,0) -> 99477211
B17: 2501P02 | C17: 4107225500143X | E17: 45682 | F17: =VLOOKUP(E17,환율!$A$1798:$B$3001,2,) -> 1437.1 | G17: 78.05 | H17: =ROUNDDOWN(G17*F17,0) -> 112165
B18: 2501P03 | C18: 4107225500144X | E18: 45682 | F18: =VLOOKUP(E18,환율!$A$1798:$B$3001,2,) -> 1437.1 | G18: 381.85 | H18: =ROUNDDOWN(G18*F18,0) -> 548756
B19: 2501P04 | C19: 4107225500145X | E19: 45682 | F19: =VLOOKUP(E19,환율!$A$1798:$B$3001,2,) -> 1437.1 | G19: 174.2 | H19: =ROUNDDOWN(G19*F19,0) -> 250342
B20: 2501P05 | C20: 4107225500187X | E20: 45685 | F20: =VLOOKUP(E20,환율!$A$1798:$B$3001,2,) -> 1437.1 | G20: 67926.34 | H20: =ROUNDDOWN(G20*F20,0) -> 97616943
B21: 2501P06 | C21: 4107225500186X | E21: 45686 | F21: =VLOOKUP(E21,환율!$A$1798:$B$3001,2,) -> 1437.1 | G21: 27141.12 | H21: =ROUNDDOWN(G21*F21,0) -> 39004503
A22: 소계 | G22: =SUM(G16:G21) -> 164922.36 | H22: =SUM(H16:H21) -> 237009920 | I22: 452691495 | J22: =+H22-I22 -> -215681575
A23: Mercury | B23: DSM2501-01 | C23: 4107225500021X | E23: 45670 | F23: =VLOOKUP(E23,환율!$A$1798:$B$3001,2,) -> 1460.7 | G23: 9433.2 | H23: =ROUNDDOWN(G23*F23,0) -> 13779075
B24: DSM2501-02 | C24: 4107225500086X | E24: 45675 | F24: =VLOOKUP(E24,환율!$A$1798:$B$3001,2,) -> 1454.7 | G24: 18552 | H24: =ROUNDDOWN(G24*F24,0) -> 26987594
B25: DSM2501-03 | C25: 4107225500022X | E25: 45684 | F25: =VLOOKUP(E25,환율!$A$1798:$B$3001,2,) -> 1437.1 | G25: 64159.9 | H25: =ROUNDDOWN(G25*F25,0) -> 92204192
B26: DSM2501-04 | C26: 4107225500168X | E26: 45685 | F26: =VLOOKUP(E26,환율!$A$1798:$B$3001,2,) -> 1437.1 | G26: 69760.54 | H26: =ROUNDDOWN(G26*F26,0) -> 100252872
B27: DSM2501-05 | C27: 4107225500188X | E27: 45683 | F27: =VLOOKUP(E27,환율!$A$1798:$B$3001,2,) -> 1437.1 | G27: 9433.2 | H27: =ROUNDDOWN(G27*F27,0) -> 13556451
B28: DSM2501-08 | C28: 4107225500230X | E28: 45688 | F28: =VLOOKUP(E28,환율!$A$1798:$B$3001,2,) -> 1433.3 | G28: 4289.32 | H28: =ROUNDDOWN(G28*F28,0) -> 6147882
B29: DSM2501-10 | C29: 4107225500231X | E29: 45688 | F29: =VLOOKUP(E29,환율!$A$1798:$B$3001,2,) -> 1433.3 | G29: 2334.5 | H29: =ROUNDDOWN(G29*F29,0) -> 3346038
B30: DSM2501-06 | C30: 4107225500189X | E30: 45690 | F30: =VLOOKUP(E30,환율!$A$1798:$B$3001,2,) -> 1433.3 | G30: 3780 | H30: =ROUNDDOWN(G30*F30,0) -> 5417874
B31: DSM2501-07 | C31: 4107225200148X | E31: 45690 | F31: =VLOOKUP(E31,환율!$A$1798:$B$3001,2,) -> 1433.3 | G31: 37898.46 | H31: =ROUNDDOWN(G31*F31,0) -> 54319862
B32: DSM2501-09 | C32: 4107225500190X | E32: 45691 | F32: =VLOOKUP(E32,환율!$A$1798:$B$3001,2,) -> 1453 | G32: 7488 | H32: =ROUNDDOWN(G32*F32,0) -> 10880064
B33: DSM2501-11 | C33: 4107225500266X | E33: 45695 | F33: =VLOOKUP(E33,환율!$A$1798:$B$3001,2,) -> 1447.1 | G33: 26748.1 | H33: =ROUNDDOWN(G33*F33,0) -> 38707175
B34: DSM2501-12 | C34: 4107225500267X | E34: 45706 | F34: =VLOOKUP(E34,환율!$A$1798:$B$3001,2,) -> 1441.1 | G34: 34465.04 | H34: =ROUNDDOWN(G34*F34,0) -> 49667569
A35: 소계 | G35: =SUM(G23:G34) -> 288342.26 | H35: =SUM(H23:H34) -> 415266648 | I35: 620401643 | J35: =+H35-I35 -> -205134995
A36: Mercury China | B36: DSM2501-MC01 | C36: 4107225500155X | E36: 45678 | F36: =VLOOKUP(E36,환율!$A$1798:$B$3001,2,) -> 1453 | G36: 114006.72 | H36: =ROUNDDOWN(G36*F36,0) -> 165651764
A37: 소계 | G37: =SUM(G36:G36) -> 114006.72 | H37: =SUM(H36:H36) -> 165651764 | I37: 172485306 | J37: =+H37-I37 -> -6833542
A38: R&R | F38: =VLOOKUP(E38,환율!$A$1798:$B$3001,2,) -> #N/A | G38: =H38/F38 -> #N/A
F39: =VLOOKUP(E39,환율!$A$1798:$B$3001,2,) -> #N/A | G39: =H39/F39 -> #N/A
A40: 소계 | G40: 0 | H40: =SUM(H38:H39) -> 0 | I40: 106730960 | J40: =+H40-I40 -> -106730960
A41: SAM | B41: DSM2501-SM01 | C41: 4112925010127X | E41: 45684 | F41: =VLOOKUP(E41,환율!$A$1798:$B$3001,2,) -> 1437.1 | G41: 39476 | H41: =ROUNDDOWN(G41*F41,0) -> 56730959
A42: 소계 | G42: =SUM(G41:G41) -> 39476 | H42: =SUM(H41:H41) -> 56730959 | I42: 57228357 | J42: =+H42-I42 -> -497398
A43: SEASTAR | B43: DSM2501-SE01 | C43: 4107225500003X | E43: 45666 | F43: =VLOOKUP(E43,환율!$A$1798:$B$3001,2,) -> 1453.2 | G43: 8722.5 | H43: =ROUNDDOWN(G43*F43,0) -> 12675537
A44: 소계 | G44: =SUM(G43:G43) -> 8722.5 | H44: =SUM(H43:H43) -> 12675537 | I44: 34047325 | J44: =+H44-I44 -> -21371788
A45: Emerson | B45: DSM2501-EM02 | C45: 4107225500041X | E45: 45670 | F45: =VLOOKUP(E45,환율!$A$1798:$B$3001,2,) -> 1460.7 | G45: 2896.3 | H45: =ROUNDDOWN(G45*F45,0) -> 4230625
B46: DSM2501-EM03 | C46: 4107225500042X | E46: 45670 | F46: =VLOOKUP(E46,환율!$A$1798:$B$3001,2,) -> 1460.7 | G46: 614.12 | H46: =ROUNDDOWN(G46*F46,0) -> 897045
B47: DSM2501-EM04 | C47: 4107225500077X | E47: 45668 | F47: =VLOOKUP(E47,환율!$A$1798:$B$3001,2,) -> 1458.2 | G47: 1511 | H47: =ROUNDDOWN(G47*F47,0) -> 2203340
B48: DSM2501-EM05 | C48: 4107225500134X | E48: 45674 | F48: =VLOOKUP(E48,환율!$A$1798:$B$3001,2,) -> 1454.7 | G48: 614.12 | H48: =ROUNDDOWN(G48*F48,0) -> 893360
B49: DSM2501-EM06 | C49: 4107225500172X | E49: 45680 | F49: =VLOOKUP(E49,환율!$A$1798:$B$3001,2,) -> 1434.3 | G49: 1518.6 | H49: =ROUNDDOWN(G49*F49,0) -> 2178127
B50: DSM2501-EM07 | C50: 4107225500247X | E50: 45688 | F50: =VLOOKUP(E50,환율!$A$1798:$B$3001,2,) -> 1433.3 | G50: 120 | H50: =ROUNDDOWN(G50*F50,0) -> 171996 | K50: 확인
B51: DSM2501-EM01 | C51: 4107225500107X | E51: 45689 | F51: =VLOOKUP(E51,환율!$A$1798:$B$3001,2,) -> 1433.3 | G51: 60235.5 | H51: =ROUNDDOWN(G51*F51,0) -> 86335542
A52: 소계 | G52: =SUM(G51:G51) -> 60235.5 | H52: =SUM(H45:H51) -> 96910035 | I52: 71348874 | J52: =+H52-I52 -> 25561161
A53: AMAT | B53: DSM2501-AM01 | C53: 2057625010460X | E53: 45681 | F53: =VLOOKUP(E53,환율!$A$1798:$B$3001,2,) -> 1437.1 | G53: 47172.91 | H53: =ROUNDDOWN(G53*F53,0) -> 67792188
A54: 소계 | G54: =SUM(G53:G53) -> 47172.91 | H54: =SUM(H53:H53) -> 67792188 | I54: 127444790 | J54: =+H54-I54 -> -59652602
A55: SINKO IND LTD (신코) | B55: DSM2501-SK01 | C55: 4107225500101X | E55: 45669 | F55: 9.2242 | G55: 13709372 | H55: =ROUNDDOWN(G55*F55,0) -> 126457989
B56: DSM2501-SK02 | C56: 4107225500185X | E56: 45676 | F56: 9.3725 | G56: 21194570 | H56: =ROUNDDOWN(G56*F56,0) -> 198646107
B57: DSM2501-SK03 | C57: 4107225500243X | E57: 45683 | F57: 9.2101 | G57: 17308360 | H57: =ROUNDDOWN(G57*F57,0) -> 159411726
B58: DSM2501-SK04 | C58: 4107225500248X | E58: 45690 | F58: 9.2788 | G58: 14327558 | H58: =ROUNDDOWN(G58*F58,0) -> 132942545
A59: 소계 | G59: =SUM(G55:G58) -> 66539860 | H59: =SUM(H55:H58) -> 617458367 | I59: 631803646 | J59: =+H59-I59 -> -14345279
A60: ATLAS COPCO | B60: DSM2501-AT01 | E60: 45671 | F60: =VLOOKUP(E60,환율!$A$1798:$B$3001,2,) -> 1471.3 | G60: =H60/F60 -> 16093.958 | H60: 23679040
B61: DSM2501-AT02 | E61: 45681 | F61: =VLOOKUP(E61,환율!$A$1798:$B$3001,2,) -> 1437.1 | G61: =H61/F61 -> 16476.961 | H61: 23679040
A62: 소계 | G62: =SUM(G60:G61) -> 32570.918 | H62: =SUM(H60:H61) -> 47358080 | I62: 35518560 | J62: =+H62-I62 -> 11839520
A63: 당월 => 익월로 이월 | F63: 총계 | G63: 물품대 | H63: =+H65-H64 -> 3380201007 | I63: 3960488577 | J63: =+H63-I63 -> -580287570
A64: 구분 | B64: 이월금액 | C64: 구분 | E64: 이월금액 | G64: Tooling외 | H64: 0 | I64: 532979160 | J64: =+H64-I64 -> -532979160
A65: Allison | B65: =H13+H14 -> 1086346686 | C65: NIKKISO | E65: 0 | G65: 합계 | H65: =SUM(H15,H22,H35,H37,H40,H42,H44,H52,H54,H59,H62) -> 3380201007 | I65: 4493467737 | J65: =+H65-I65 -> -1113266730
A66: Polaris | B66: 0 | C66: SEASTAR | E66: 0 | F66: 구분 | G66: 12월 이월분 | H66: 1월 당월분 | I66: 2월 이월분 | J66: 국외 매출 최종
A67: Mercury | B67: =SUM(H30:H34) -> 158992544 | C67: Emerson | E67: =H51 -> 86335542 | F67: 창원공장 | G67: 154877868 | H67: =SUM(H55:H57) -> 484515822 | I67: =H58 -> 132942545 | J67: =SUM(G67:H67) -> 639393690
A68: Mercury China | B68: 0 | C68: AMAT | E68: 0 | F68: 마산1공장 | G68: =542366842-51641003 -> 490725839 | H68: =SUM(H16:H21,H23:H29,H36,H38,H43) -> 671611325 | I68: =SUM(H30:H34,H38:H39) -> 158992544 | J68: =SUM(G68:H68) -> 1162337164
A69: NorthStar | B69: 0 | C69: SAM | E69: 0 | F69: 마산2공장 | G69: 615596497 | H69: =SUM(H12:H12) -> 577000823 | I69: =SUM(H13:H14) -> 1086346686 | J69: =SUM(G69:H69) -> 1192597320
A70: R&R | B70: 0 | C70: SHINKO IND LTD | E70: =H58 -> 132942545 | F70: 마산3공장 | G70: 0 | H70: =SUM(H45:H50,H41:H41,H53:H53) -> 135097640 | I70: =H51 -> 86335542 | J70: =SUM(G70:H70) -> 135097640
A71: 기타 | B71: 0 | F71: 과세매출(국내매출) | G71: 0 | H71: =H62 -> 47358080 | I71: 0 | J71: =SUM(G71:H71) -> 47358080 | K71: =I72=E72 -> TRUE
B72: 합계 | E72: =SUM(B65:B71,E65:E71) -> 1464617317 | F72: 총계 | G72: =SUM(G67:G71) -> 1261200204 | H72: =SUM(H67:H71) -> 1915583690 | I72: =SUM(I67:I71) -> 1464617317 | J72: =+G72+H72 -> 3176783894 | K72: =H65=H72+I72 -> TRUE
F73: ATLAS COPCO 제외 금액(해외매출) | J73: =J72-J71 -> 3129425814
J74: 3129425814
J75: =J73-J74 -> 0

Sheet 25.02 (갑) 
L3: 결 재 | M3: 사 원 | N3: 사 원 | O3: 선 임 | P3: 실 장
A5: ※ 2025년 2월 마감내역 ※
A10: 거래처 | B10: Invoice | C10: 면장번호 | D10: 인보이스 날짜 | E10: BL일자 | F10: 환율 | G10: 금액
G11: 외화금액 | H11: 원화환산금액 | I11: 전월 이월 + 당월 출하 | J11: 이월
A12: Allison | B12: DSM2501-AL02 | C12: 4107225500232X | E12: 45690 | F12: 1433.3 | G12: 370512.8 | H12: 531055996 | I12: =H12 -> 531055996
B13: DSM2501-AL03 | C13: 4107225500251X | E13: 45695 | F13: 1447.1 | G13: 383726.55 | H13: 555290690 | I13: =H13 -> 555290690
B14: DSM2502-AL01 | C14: 4107225500345X | E14: 45706 | F14: =VLOOKUP(E14,환율!$A$1798:$B$3001,2,) -> 1441.1 | G14: 391974.3 | H14: =ROUNDDOWN(G14*F14,0) -> 564874163 | I14: =H14 -> 564874163
B15: DSM2502-AL02 | C15: 4107225200407X | E15: 45719 | F15: =VLOOKUP(E15,환율!$A$1798:$B$3001,2,) -> 1439.6 | G15: 407639.14 | H15: =ROUNDDOWN(G15*F15,0) -> 586837305 | J15: =H15 -> 586837305 | K15: ='25.01 (갑) '!H13 -> 531055996
B16: DSM2502-AL03 | C16: 4107225500505X | E16: 45721 | F16: =VLOOKUP(E16,환율!$A$1798:$B$3001,2,) -> 1459.6 | G16: 393242.94 | H16: =ROUNDDOWN(G16*F16,0) -> 573977395 | J16: =H16 -> 573977395 | K16: ='25.01 (갑) '!H14 -> 555290690
A17: 소계 | G17: =SUM(G12:G16) -> 1947095.7 | H17: =SUM(H12:H16) -> 2812035549 | I17: =SUM(I12:I16) -> 1651220849 | J17: =SUM(J12:J16) -> 1160814700
A18: Polaris | B18: 2502P01 | C18: 4107225500380X | E18: 45711 | F18: =VLOOKUP(E18,환율!$A$1798:$B$3001,2,) -> 1439.4 | G18: 97049.12 | H18: =ROUNDDOWN(G18*F18,0) -> 139692503 | I18: =H18 -> 139692503
B19: 2502P02 | C19: 4107225500338X | E19: 45704 | F19: =VLOOKUP(E19,환율!$A$1798:$B$3001,2,) -> 1450.5 | G19: 85102.56 | H19: =ROUNDDOWN(G19*F19,0) -> 123441263 | I19: =H19 -> 123441263
B20: 2502P03 | C20: 4107225500339X | E20: 45704 | F20: =VLOOKUP(E20,환율!$A$1798:$B$3001,2,) -> 1450.5 | G20: 348.77 | H20: =ROUNDDOWN(G20*F20,0) -> 505890 | I20: =H20 -> 505890
B21: 2502P04 | C21: 4107225500340X | E21: 45704 | F21: =VLOOKUP(E21,환율!$A$1798:$B$3001,2,) -> 1450.5 | G21: 1417.35 | H21: =ROUNDDOWN(G21*F21,0) -> 2055866 | I21: =H21 -> 2055866
B22: 2502P05 | C22: 4107225500404X | E22: 45711 | F22: =VLOOKUP(E22,환율!$A$1798:$B$3001,2,) -> 1439.4 | G22: 24779.52 | H22: =ROUNDDOWN(G22*F22,0) -> 35667641 | I22: =H22 -> 35667641
B23: 2502P07 | C23: 4107225200402X | E23: 45709 | F23: =VLOOKUP(E23,환율!$A$1798:$B$3001,2,) -> 1439.4 | G23: 1531.2 | H23: =ROUNDDOWN(G23*F23,0) -> 2204009 | I23: =H23 -> 2204009
B24: 2502P06 | C24: 4107225500470X | E24: 45719 | F24: =VLOOKUP(E24,환율!$A$1798:$B$3001,2,) -> 1439.6 | G24: 33161.82 | H24: =ROUNDDOWN(G24*F24,0) -> 47739756 | I24: =H24 -> 47739756 | J24: =H24 -> 47739756
A25: 소계 | G25: =SUM(G18:G24) -> 243390.34 | H25: =SUM(H18:H24) -> 351306928 | I25: =SUM(I18:I24) -> 351306928 | J25: =SUM(J18:J24) -> 47739756
A26: Mercury | B26: DSM2501-06 | C26: 4107225500189X | E26: 45690 | F26: =VLOOKUP(E26,환율!$A$1798:$B$3001,2,) -> 1433.3 | G26: 3780 | H26: =ROUNDDOWN(G26*F26,0) -> 5417874 | I26: =H26 -> 5417874
B27: DSM2501-07 | C27: 4107225200148X | E27: 45690 | F27: =VLOOKUP(E27,환율!$A$1798:$B$3001,2,) -> 1433.3 | G27: 37898.46 | H27: =ROUNDDOWN(G27*F27,0) -> 54319862 | I27: =H27 -> 54319862 | M27: `
B28: DSM2501-09 | C28: 4107225500190X | E28: 45691 | F28: =VLOOKUP(E28,환율!$A$1798:$B$3001,2,) -> 1453 | G28: 7488 | H28: =ROUNDDOWN(G28*F28,0) -> 10880064 | I28: =H28 -> 10880064
B29: DSM2501-11 | C29: 4107225500266X | E29: 45695 | F29: =VLOOKUP(E29,환율!$A$1798:$B$3001,2,) -> 1447.1 | G29: 26748.1 | H29: =ROUNDDOWN(G29*F29,0) -> 38707175 | I29: =H29 -> 38707175
B30: DSM2501-12 | C30: 4107225500267X | E30: 45706 | F30: =VLOOKUP(E30,환율!$A$1798:$B$3001,2,) -> 1441.1 | G30: 34465.04 | H30: =ROUNDDOWN(G30*F30,0) -> 49667569 | I30: =H30 -> 49667569
B31: DSM2502-01 | C31: 4107225500399X | E31: 45708 | F31: =VLOOKUP(E31,환율!$A$1798:$B$3001,2,) -> 1440.6 | G31: 33308.42 | H31: =ROUNDDOWN(G31*F31,0) -> 47984109 | I31: =H31 -> 47984109
B32: DSM2502-02 | C32: 4107225500341X | E32: 45704 | F32: =VLOOKUP(E32,환율!$A$1798:$B$3001,2,) -> 1450.5 | G32: 26236 | H32: =ROUNDDOWN(G32*F32,0) -> 38055318 | I32: =H32 -> 38055318 | K32: ='25.01 (갑) '!H30 -> 5417874
B33: DSM2502-03 | C33: 4107225500342X | E33: 45704 | F33: =VLOOKUP(E33,환율!$A$1798:$B$3001,2,) -> 1450.5 | G33: 37171.44 | H33: =ROUNDDOWN(G33*F33,0) -> 53917173 | I33: =H33 -> 53917173 | K33: ='25.01 (갑) '!H31 -> 54319862
B34: DSM2502-04 | C34: 4107225500343X | E34: 45704 | F34: =VLOOKUP(E34,환율!$A$1798:$B$3001,2,) -> 1450.5 | G34: 2783.52 | H34: =ROUNDDOWN(G34*F34,0) -> 4037495 | I34: =H34 -> 4037495 | K34: ='25.01 (갑) '!H32 -> 10880064
B35: DSM2502-05 | C35: 4107225500439X | E35: 45711 | F35: =VLOOKUP(E35,환율!$A$1798:$B$3001,2,) -> 1439.4 | G35: 88330.2 | H35: =ROUNDDOWN(G35*F35,0) -> 127142489 | I35: =H35 -> 127142489 | K35: ='25.01 (갑) '!H33 -> 38707175
B36: DSM2502-06 | C36: 4107225500440X | E36: 45715 | F36: =VLOOKUP(E36,환율!$A$1798:$B$3001,2,) -> 1431.8 | G36: 47116.18 | H36: =ROUNDDOWN(G36*F36,0) -> 67460946 | I36: =H36 -> 67460946 | K36: ='25.01 (갑) '!H34 -> 49667569
B37: DSM2502-07 | C37: 4107225500468X | E37: 45708 | F37: =VLOOKUP(E37,환율!$A$1798:$B$3001,2,) -> 1440.6 | G37: 5567.04 | H37: =ROUNDDOWN(G37*F37,0) -> 8019877 | I37: =H37 -> 8019877
B38: DSM2502-09 | C38: 4107225500346X | E38: 45703 | F38: =VLOOKUP(E38,환율!$A$1798:$B$3001,2,) -> 1450.5 | G38: 20842.5 | H38: =ROUNDDOWN(G38*F38,0) -> 30232046 | I38: =H38 -> 30232046
B39: DSM2502-10 | C39: 4107225500461X | E39: 45715 | F39: =VLOOKUP(E39,환율!$A$1798:$B$3001,2,) -> 1431.8 | G39: 3006 | H39: =ROUNDDOWN(G39*F39,0) -> 4303990 | I39: =H39 -> 4303990 | K39: 체크비엘 확인
B40: DSM2502-11 | C40: 4164925770791X | E40: 45708 | F40: =VLOOKUP(E40,환율!$A$1798:$B$3001,2,) -> 1440.6 | G40: 744.8 | H40: =ROUNDDOWN(G40*F40,0) -> 1072958 | I40: =H40 -> 1072958
B41: DSM2502-14 | C41: 4107225500452X | E41: 45715 | F41: =VLOOKUP(E41,환율!$A$1798:$B$3001,2,) -> 1431.8 | G41: 36730.4 | H41: =ROUNDDOWN(G41*F41,0) -> 52590586 | I41: =H41 -> 52590586
B42: DSM2502-15 | C42: 4107225500497X | E42: 45715 | F42: =VLOOKUP(E42,환율!$A$1798:$B$3001,2,) -> 1431.8 | G42: 1564 | H42: =ROUNDDOWN(G42*F42,0) -> 2239335 | I42: =H42 -> 2239335
B43: DSM2502-08 | C43: 4107225500468X | E43: 45717 | F43: =VLOOKUP(E43,환율!$A$1798:$B$3001,2,) -> 1439.6 | G43: 41977.6 | H43: =ROUNDDOWN(G43*F43,0) -> 60430952 | J43: =H43 -> 60430952
B44: DSM2502-12 | C44: 4107225500539X | E44: 45717 | F44: =VLOOKUP(E44,환율!$A$1798:$B$3001,2,) -> 1439.6 | G44: 78708 | H44: =ROUNDDOWN(G44*F44,0) -> 113308036 | J44: =H44 -> 113308036 | K44: 3/16 선적
B45: DSM2502-13 | C45: 4107225500469X | E45: 45717 | F45: =VLOOKUP(E45,환율!$A$1798:$B$3001,2,) -> 1439.6 | G45: 71675 | H45: =ROUNDDOWN(G45*F45,0) -> 103183330 | J45: =H45 -> 103183330
A46: 소계 | G46: =SUM(G26:G45) -> 606140.7 | H46: =SUM(H26:H45) -> 872971184 | I46: =SUM(I26:I45) -> 596048866 | J46: =SUM(J26:J45) -> 276922318
A47: Mercury China | B47: DSM2502-MC01 | C47: 4107225500274X | E47: 45696 | F47: =VLOOKUP(E47,환율!$A$1798:$B$3001,2,) -> 1447.1 | G47: 116471.76 | H47: =ROUNDDOWN(G47*F47,0) -> 168546283 | I47: =H47 -> 168546283
A48: 소계 | G48: =SUM(G47:G47) -> 116471.76 | H48: =SUM(H47:H47) -> 168546283 | I48: =I47 -> 168546283 | J48: 0
A49: R&R | B49: DSM2502-R01 | C49: 4107225500451X | E49: 45708 | F49: =VLOOKUP(E49,환율!$A$1798:$B$3001,2,) -> 1440.6 | G49: =H49/F49 -> 15301.438 | H49: 22043252 | I49: =H49 -> 22043252 | K49: ='24.12 (갑) '!H55 -> 51641003
B50: DSM2502-R02 | C50: 4107225500561X | E50: 45717 | F50: =VLOOKUP(E50,환율!$A$1798:$B$3001,2,) -> 1439.6 | G50: =H50/F50 -> 18738.748 | H50: 26976301 | J50: =H50 -> 26976301
A51: 소계 | G51: =SUM(G49:G50) -> 34040.186 | H51: =SUM(H49:H50) -> 49019553 | I51: =I49 -> 22043252 | J51: =J50 -> 26976301
A52: SAM | B52: DSM2502-SM01 | C52: 4112925020104X | E52: 45709 | F52: =VLOOKUP(E52,환율!$A$1798:$B$3001,2,) -> 1439.4 | G52: 39476 | H52: =ROUNDDOWN(G52*F52,0) -> 56821754 | I52: =H52 -> 56821754
A53: 소계 | G53: =SUM(G52:G52) -> 39476 | H53: =SUM(H52:H52) -> 56821754 | I53: =I52 -> 56821754 | J53: 0
A54: SEASTAR | B54: DSM2502-SE01 | C54: 4107225500344X | E54: 45715 | F54: =VLOOKUP(E54,환율!$A$1798:$B$3001,2,) -> 1431.8 | G54: 14992.26 | H54: =ROUNDDOWN(G54*F54,0) -> 21465917 | I54: =H54 -> 21465917
A55: 소계 | G55: =SUM(G54:G54) -> 14992.26 | H55: =SUM(H54:H54) -> 21465917 | I55: =I54 -> 21465917 | J55: 0
A56: Emerson | B56: DSM2501-EM01 | C56: 4107225500107X | E56: 45689 | F56: =VLOOKUP(E56,환율!$A$1798:$B$3001,2,) -> 1433.3 | G56: 60235.5 | H56: =ROUNDDOWN(G56*F56,0) -> 86335542 | I56: =H56 -> 86335542
B57: DSM2502-EM01 | C57: 4107225500283X | E57: 45696 | F57: =VLOOKUP(E57,환율!$A$1798:$B$3001,2,) -> 1447.1 | G57: 298.72 | H57: =ROUNDDOWN(G57*F57,0) -> 432277 | I57: =H57 -> 432277
B58: DSM2502-EM02 | C58: 4107225500264X | E58: 45702 | F58: =VLOOKUP(E58,환율!$A$1798:$B$3001,2,) -> 1450.5 | G58: 3075 | H58: =ROUNDDOWN(G58*F58,0) -> 4460287 | I58: =H58 -> 4460287 | K58: ='25.01 (갑) '!H51 -> 86335542
B59: DSM2502-EM03 | C59: 4107225500309X | E59: 45713 | F59: =VLOOKUP(E59,환율!$A$1798:$B$3001,2,) -> 1429.2 | G59: 24891 | H59: =ROUNDDOWN(G59*F59,0) -> 35574217 | I59: =H59 -> 35574217
B60: DSM2502-EM04 | C60: 4107225500284X | E60: 45693 | F60: =VLOOKUP(E60,환율!$A$1798:$B$3001,2,) -> 1460.8 | G60: 3012.4 | H60: =ROUNDDOWN(G60*F60,0) -> 4400513 | I60: =H60 -> 4400513
B61: DSM2502-EM05 | C61: 4107225500335X | E61: 45704 | F61: =VLOOKUP(E61,환율!$A$1798:$B$3001,2,) -> 1450.5 | G61: 3938.64 | H61: =ROUNDDOWN(G61*F61,0) -> 5712997 | I61: =H61 -> 5712997
B62: DSM2502-EM06 | C62: 4107225500355X | E62: 45700 | F62: =VLOOKUP(E62,환율!$A$1798:$B$3001,2,) -> 1453.5 | G62: 2336.6 | H62: =ROUNDDOWN(G62*F62,0) -> 3396248 | I62: =H62 -> 3396248
B63: DSM2502-EM07 | C63: 4107225500437X | E63: 45716 | F63: =VLOOKUP(E63,환율!$A$1798:$B$3001,2,) -> 1439.6 | G63: 33188 | H63: =ROUNDDOWN(G63*F63,0) -> 47777444 | I63: =H63 -> 47777444
B64: DSM2502-EM08 | C64: 4107225500499X | E64: 45715 | F64: =VLOOKUP(E64,환율!$A$1798:$B$3001,2,) -> 1431.8 | G64: 1212.39 | H64: =ROUNDDOWN(G64*F64,0) -> 1735900 | I64: =H64 -> 1735900
A65: 소계 | G65: =SUM(G56:G64) -> 132188.25 | H65: =SUM(H56:H64) -> 189825425 | I65: =SUM(I56:I64) -> 189825425 | J65: =SUM(J56:J64) -> 0
A66: AMAT | B66: DSM2502-AM01 | C66: 2057625020452X | E66: 45717 | F66: =VLOOKUP(E66,환율!$A$1798:$B$3001,2,) -> 1439.6 | G66: 56899.15 | H66: =ROUNDDOWN(G66*F66,0) -> 81912016 | J66: =H66 -> 81912016
A67: 소계 | G67: =SUM(G66:G66) -> 56899.15 | H67: =SUM(H66:H66) -> 81912016 | I67: =I66 -> 0 | J67: =J66 -> 81912016
A68: SINKO IND LTD (신코) | B68: DSM2501-SK04 | C68: 4107225500248X | E68: 45690 | F68: 9.2788 | G68: 14327558 | H68: =ROUNDDOWN(G68*F68,0) -> 132942545 | I68: =H68 -> 132942545
B69: DSM2502-SK01 | C69: 4107225500322X | E69: 45697 | F69: 9.5648 | G69: 11618080 | H69: =ROUNDDOWN(G69*F69,0) -> 111124611 | I69: =H69 -> 111124611
B70: DSM2502-SK02 | C70: 4107225500395X | E70: 45704 | F70: 9.4847 | G70: 18779740 | H70: =ROUNDDOWN(G70*F70,0) -> 178120199 | I70: =H70 -> 178120199 | K70: ='25.01 (갑) '!H58 -> 132942545
B71: DSM2502-SK03 | C71: 4107225200422X | E71: 45710 | F71: 9.6291 | G71: 16472660 | H71: =ROUNDDOWN(G71*F71,0) -> 158616890 | I71: =H71 -> 158616890
B72: DSM ABS 2645-SK02 | E72: 45716 | F72: 9.6182 | G72: 562000 | H72: =ROUNDDOWN(G72*F72,0) -> 5405428 | I72: =H72 -> 5405428
B73: DSM ABS 2553-SK04 | E73: 45716 | F73: 9.6182 | G73: 609000 | H73: =ROUNDDOWN(G73*F73,0) -> 5857483 | I73: =H73 -> 5857483
B74: DSM ABS 2664-SK05 | E74: 45716 | F74: 9.6182 | G74: 503000 | H74: =ROUNDDOWN(G74*F74,0) -> 4837954 | I74: =H74 -> 4837954
B75: DSM ABS 2572-SK04 | E75: 45716 | F75: 9.6182 | G75: 187000 | H75: =ROUNDDOWN(G75*F75,0) -> 1798603 | I75: =H75 -> 1798603
B76: DSM ABS 2568-SK01 | E76: 45716 | F76: 9.6182 | G76: 469000 | H76: =ROUNDDOWN(G76*F76,0) -> 4510935 | I76: =H76 -> 4510935
B77: DSM ABS 3399-SK02 | E77: 45716 | F77: 9.6182 | G77: 527000 | H77: =ROUNDDOWN(G77*F77,0) -> 5068791 | I77: =H77 -> 5068791
B78: DSM2502-SCP | E78: 45700 | F78: 9.528 | G78: 1537341 | H78: =ROUNDDOWN(G78*F78,0) -> 14647785 | I78: =H78 -> 14647785
B79: DSM2502-SK04 | C79: 4107225500492X | E79: 45717 | F79: 9.6182 | G79: 16739960 | H79: =ROUNDDOWN(G79*F79,0) -> 161008283 | J79: =H79 -> 161008283
B80: DSM2502-SK05 | C80: 4107225500527X | E80: 45717 | F80: 9.6182 | G80: 17185490 | H80: =ROUNDDOWN(G80*F80,0) -> 165293479 | J80: =H80 -> 165293479
A81: 소계 | G81: =SUM(G68:G80) -> 99517829 | H81: =SUM(H68:H80) -> 949232986 | I81: =SUM(I68:I80) -> 622931224 | J81: =SUM(J68:J80) -> 326301762
A82: ATLAS COPCO | B82: DSM2502-AT01 | E82: 45700 | F82: =VLOOKUP(E82,환율!$A$1798:$B$3001,2,) -> 1453.5 | G82: =H82/F82 -> 16291.049 | H82: 23679040 | I82: =H82 -> 23679040
B83: DSM2502-AT02 | E83: 45704 | F83: =VLOOKUP(E83,환율!$A$1798:$B$3001,2,) -> 1450.5 | G83: =H83/F83 -> 16324.743 | H83: 23679040 | I83: =H83 -> 23679040
A84: 소계 | G84: =SUM(G82:G83) -> 32615.792 | H84: =SUM(H82:H83) -> 47358080 | I84: =SUM(I82:I83) -> 47358080 | J84: =+H84-I84 -> 0
A85: 당월 => 익월로 이월 | F85: 총계(출하) | G85: 물품대 | H85: =+H87-H86 -> 5558368696 | I85: =I87-I86 -> 3685441599 | J85: =J87-J86 -> 1920666853
A86: 구분 | B86: 이월금액 | C86: 구분 | E86: 이월금액 | G86: Tooling외 | H86: =SUM(H72:H78) -> 42126979 | I86: =SUM(I72:I78) -> 42126979 | J86: =SUM(J72:J78) -> 0
A87: Allison | B87: =H15+H16 -> 1160814700 | C87: NIKKISO | E87: 0 | G87: 합계 | H87: =SUM(H17,H25,H46,H48,H51,H53,H55,H65,H67,H81,H84) -> 5600495675 | I87: =SUM(I17,I25,I46,I48,I51,I53,I55,I65,I67,I81,I84) -> 3727568578 | J87: =SUM(J17,J25,J46,J48,J51,J53,J55,J65,J67,J81,J84) -> 1920666853
A88: Polaris | B88: =H24 -> 47739756 | C88: SEASTAR | E88: 0 | F88: 구분 | G88: 1월 이월분 | H88: 2월 당월분 | I88: 3월 이월분 | J88: 국외 매출 최종
A89: Mercury | B89: =SUM(H43:H45) -> 276922318 | C89: Emerson | E89: 0 | F89: 창원공장 | G89: 132942545 | H89: =SUM(H69:H78) -> 489988679 | I89: =H79+H80 -> 326301762 | J89: =SUM(G89:H89) -> 622931224
A90: Mercury China | B90: 0 | C90: AMAT | E90: =H66 -> 81912016 | F90: 마산1공장 | G90: =211435990-802443 -> 210633547 | H90: =SUM(H18:H23,H31:H42,H47,H54,H49) -> 952678946 | I90: =SUM(H43:H45,H50,H24) -> 351638375 | J90: =SUM(G90:H90) -> 1163312493
A91: NorthStar | B91: 0 | C91: SAM | E91: 0 | F91: 마산2공장 | G91: 1086346686 | H91: =SUM(H14:H14) -> 564874163 | I91: =SUM(H15:H16) -> 1160814700 | J91: =SUM(G91:H91) -> 1651220849
A92: R&R | B92: =H50 -> 26976301 | C92: SHINKO IND LTD | E92: =H79+H80 -> 326301762 | F92: 마산3공장 | G92: 86335542 | H92: =SUM(H57:H64,H52:H52) -> 160311637 | I92: =H66 -> 81912016 | J92: =SUM(G92:H92) -> 246647179
A93: 기타 | B93: 0 | F93: 과세매출(국내매출) | G93: 0 | H93: =H84 -> 47358080 | I93: 0 | J93: =SUM(G93:H93) -> 47358080 | K93: =I94=E94 -> TRUE
B94: 합계 | E94: =SUM(B87:B93,E87:E93) -> 1920666853 | F94: 총계 | G94: =SUM(G89:G93) -> 1516258320 | H94: =SUM(H89:H93) -> 2215211505 | I94: =SUM(I89:I93) -> 1920666853 | J94: =+G94+H94 -> 3731469825 | K94: =H87=H94+I94 -> FALSE
F95: ATLAS COPCO 제외 금액(해외매출) | J95: =J94-J93 -> 3684111745
J96: 3699929100
J97: =J95-J96 -> -15817355
H98: =211435990 -> 211435990
H99: =H98-'25.01 (갑) '!I68 -> 52443446

Sheet 25.03 (갑)
Q3: 결 재 | R3: 사 원 | S3: 사 원 | T3: 선 임 | U3: 실 장
A5: ※ 2025년 3월 마감내역 ※
M9: 서류 체크
A10: 거래처 | B10: Invoice | C10: 면장번호 | D10: 인보이스 날짜 | E10: BL일자 | G10: 환율 | H10: 금 액
F11: 보험등록여/부 | H11: 외화금액 | I11: 원화환산금액 | J11: 전월 이월, 당월 출하 | K11: 이월 | M11: INVOICE | N11: PACKING | O11: 면장 | P11: B/L
A12: Allison | B12: DSM2502-AL02 | C12: 41072-25-200407X | E12: 45719 | F12: O | G12: =VLOOKUP(E12,환율!$A$2255:$B$2292,2,0) -> 1439.6 | H12: 407639.14 | I12: =ROUNDDOWN(H12*G12,0) -> 586837305 | J12: =I12 -> 586837305 | M12: ○ | N12: ○ | O12: ○ | P12: ○
B13: DSM2502-AL03 | C13: 41072-25-500505X | E13: 45721 | F13: O | G13: =VLOOKUP(E13,환율!$A$2255:$B$2292,2,0) -> 1459.6 | H13: 393242.94 | I13: =ROUNDDOWN(H13*G13,0) -> 573977395 | J13: =I13 -> 573977395 | M13: ○ | N13: ○ | O13: ○ | P13: ○
B14: DSM2503-AL01 | C14: 41072-25-500596X | E14: 45730 | F14: O | G14: =VLOOKUP(E14,환율!$A$2255:$B$2292,2,0) -> 1451.9 | H14: 385564.22 | I14: =ROUNDDOWN(H14*G14,0) -> 559800691 | J14: =I14 -> 559800691 | M14: ○ | N14: ○ | O14: ○ | P14: ○
B15: DSM2503-AL02 | C15: 41072-25-500692X | E15: 45743 | F15: O | G15: =VLOOKUP(E15,환율!$A$2255:$B$2292,2,0) -> 1465.3 | H15: 361713.86 | I15: =ROUNDDOWN(H15*G15,0) -> 530019319 | J15: =I15 -> 530019319 | M15: O | N15: O | O15: O | P15: O
B16: DSM2503-AL03 | C16: 41072-25-500779X | E16: 45752 | F16: - | G16: =VLOOKUP(E16,환율!$A$2255:$B$2292,2,0) -> 1467 | H16: 394087.05 | I16: =ROUNDDOWN(H16*G16,0) -> 578125702 | K16: =I16 -> 578125702
B17: DSM2503-AL04 | C17: 41072-25-500827X | E17: 45748 | F17: - | G17: =VLOOKUP(E17,환율!$A$2255:$B$2292,2,0) -> 1470.6 | H17: 343198.88 | I17: =ROUNDDOWN(H17*G17,0) -> 504708272 | K17: =I17 -> 504708272 | M17: O | N17: O | O17: O | P17: X
A18: 소계 | H18: =SUM(H12:H17) -> 2285446.1 | I18: =SUM(I12:I17) -> 3333468684 | J18: =SUM(J12:J17) -> 2250634710 | K18: =SUM(K12:K17) -> 1082833974
A19: Polaris | B19: 2502P06 | C19: 41072-25-500470X | E19: 45718 | F19: O | G19: =VLOOKUP(E19,환율!$A$2255:$B$2292,2,0) -> 1439.6 | H19: 33161.82 | I19: =ROUNDDOWN(H19*G19,0) -> 47739756 | J19: =I19 -> 47739756 | M19: ○ | N19: ○ | O19: ○ | P19: ○
B20: 2503P01 | C20: 41072-25-500563X | E20: 45732 | F20: O | G20: =VLOOKUP(E20,환율!$A$2255:$B$2292,2,0) -> 1451.9 | H20: 88869.6 | I20: =ROUNDDOWN(H20*G20,0) -> 129029772 | J20: =I20 -> 129029772 | M20: O | N20: O | O20: O | P20: O
B21: 2503P02 | C21: 41072-25-500638X | E21: 45742 | F21: O | G21: =VLOOKUP(E21,환율!$A$2255:$B$2292,2,0) -> 1469.6 | H21: 35061.12 | I21: =ROUNDDOWN(H21*G21,0) -> 51525821 | J21: =I21 -> 51525821 | M21: O | N21: O | O21: O | P21: O
B22: 2503P04 | C22: 41072-25-500560X | E22: 45735 | F22: O | G22: =VLOOKUP(E22,환율!$A$2255:$B$2292,2,0) -> 1447.1 | H22: 9173.2 | I22: =ROUNDDOWN(H22*G22,0) -> 13274537 | J22: =I22 -> 13274537 | M22: O | N22: O | O22: O | P22: O
B23: 2503P05 | C23: 41072-25-500639X | E23: 45740 | F23: O | G23: =VLOOKUP(E23,환율!$A$2255:$B$2292,2,0) -> 1466.9 | H23: 36734.8 | I23: =ROUNDDOWN(H23*G23,0) -> 53886278 | J23: =I23 -> 53886278 | M23: O | N23: O | O23: O | P23: O
B24: 2503P06 | C24: 41072-25-500681X | E24: 45747 | F24: O | G24: =VLOOKUP(E24,환율!$A$2255:$B$2292,2,0) -> 1466.5 | H24: 23214.24 | I24: =ROUNDDOWN(H24*G24,0) -> 34043682 | J24: =I24 -> 34043682 | M24: O | N24: O | O24: O | P24: X
B25: 2503P08 | C25: 41072-25-500640X | E25: 45742 | F25: O | G25: =VLOOKUP(E25,환율!$A$2255:$B$2292,2,0) -> 1469.6 | H25: 719.03 | I25: =ROUNDDOWN(H25*G25,0) -> 1056686 | J25: =I25 -> 1056686 | M25: O | N25: O | O25: O | P25: X
B26: 2503P09 | C26: 41072-25-500641X | E26: 45742 | F26: O | G26: =VLOOKUP(E26,환율!$A$2255:$B$2292,2,0) -> 1469.6 | H26: 251.25 | I26: =ROUNDDOWN(H26*G26,0) -> 369237 | J26: =I26 -> 369237 | M26: O | N26: O | O26: O | P26: X
B27: 2503P10 | C27: 41072-25-500642X | E27: 45742 | F27: O | G27: =VLOOKUP(E27,환율!$A$2255:$B$2292,2,0) -> 1469.6 | H27: 16.76 | I27: =ROUNDDOWN(H27*G27,0) -> 24630 | J27: =I27 -> 24630 | M27: O | N27: O | O27: O | P27: X
B28: 2503P07 | C28: 41072-25-500581X | E28: 45732 | F28: O | G28: 1451.9 | H28: 371.56 | I28: 539467 | J28: 539467
B29: 2503P03 | C29: 41072-25-500775X | E29: 45751 | F29: - | G29: =VLOOKUP(E29,환율!$A$2255:$B$2292,2,0) -> 1467 | H29: 5499.36 | I29: =ROUNDDOWN(H29*G29,0) -> 8067561 | K29: =I29 -> 8067561 | M29: O | N29: O | O29: O | P29: X
A30: 소계 | H30: =SUM(H19:H29) -> 233072.74 | I30: =SUM(I19:I29) -> 339557427 | J30: =SUM(J19:J29) -> 331489866 | K30: =SUM(K19:K29) -> 8067561
A31: Mercury | B31: DSM2502-08 | C31: 41072-25-500468X | E31: 45717 | F31: - | G31: =VLOOKUP(E31,환율!$A$2255:$B$2292,2,0) -> 1439.6 | H31: 41977.6 | I31: =ROUNDDOWN(H31*G31,0) -> 60430952 | J31: =I31 -> 60430952 | M31: ○ | N31: ○ | O31: O | P31: O
B32: DSM2502-12 | C32: 41072-25-500539X | E32: 45740 | F32: - | G32: =VLOOKUP(E32,환율!$A$2255:$B$2292,2,0) -> 1466.9 | H32: 78708 | I32: =ROUNDDOWN(H32*G32,0) -> 115456765 | J32: =I32 -> 115456765 | M32: ○ | N32: ○ | O32: O | P32: O
B33: DSM2502-13 | C33: 41072-25-500469X | E33: 45717 | F33: - | G33: =VLOOKUP(E33,환율!$A$2255:$B$2292,2,0) -> 1439.6 | H33: 71675.1 | I33: =ROUNDDOWN(H33*G33,0) -> 103183473 | J33: =I33 -> 103183473 | M33: ○ | N33: ○ | O33: O | P33: O
B34: DSM2503-01 | C34: 41072-25-500589X | E34: 45731 | F34: - | G34: =VLOOKUP(E34,환율!$A$2255:$B$2292,2,0) -> 1451.9 | H34: 3124.8 | I34: =ROUNDDOWN(H34*G34,0) -> 4536897 | J34: =I34 -> 4536897 | M34: O | N34: O | O34: O | P34: O
B35: DSM2503-02 | C35: 41072-25-500498X | E35: 45722 | F35: - | G35: =VLOOKUP(E35,환율!$A$2255:$B$2292,2,0) -> 1456 | H35: 29800.22 | I35: =ROUNDDOWN(H35*G35,0) -> 43389120 | J35: =I35 -> 43389120 | M35: O | N35: O | O35: O | P35: O
B36: DSM2503-03 | C36: 41072-25-500540X | E36: 45740 | F36: - | G36: =VLOOKUP(E36,환율!$A$2255:$B$2292,2,0) -> 1466.9 | H36: 31814.8 | I36: =ROUNDDOWN(H36*G36,0) -> 46669130 | J36: =I36 -> 46669130 | M36: O | N36: O | O36: O | P36: O
B37: DSM2503-04 | C37: 41072-25-500591X | E37: 45731 | F37: - | G37: =VLOOKUP(E37,환율!$A$2255:$B$2292,2,0) -> 1451.9 | H37: 30175.1 | I37: =ROUNDDOWN(H37*G37,0) -> 43811227 | J37: =I37 -> 43811227 | M37: O | N37: O | O37: O | P37: O
B38: DSM2503-05 | C38: 41072-25-500592X | E38: 45747 | F38: - | G38: =VLOOKUP(E38,환율!$A$2255:$B$2292,2,0) -> 1466.5 | H38: 3237 | I38: =ROUNDDOWN(H38*G38,0) -> 4747060 | J38: =I38 -> 4747060 | M38: O | N38: O | O38: O | P38: O
B39: DSM2503-06 | C39: 41072-25-500593X | E39: 45747 | F39: - | G39: =VLOOKUP(E39,환율!$A$2255:$B$2292,2,0) -> 1466.5 | H39: 91712.04 | I39: =ROUNDDOWN(H39*G39,0) -> 134495706 | J39: =I39 -> 134495706 | M39: O | N39: O | O39: O | P39: O
B40: DSM2503-07 | C40: 41072-25-500594X | E40: 45747 | F40: - | G40: =VLOOKUP(E40,환율!$A$2255:$B$2292,2,0) -> 1466.5 | H40: 1391.76 | I40: =ROUNDDOWN(H40*G40,0) -> 2041016 | J40: =I40 -> 2041016 | M40: O | N40: O | O40: O | P40: O
B41: DSM2503-09 | C41: 41072-25-500595X | E41: 45747 | F41: - | G41: =VLOOKUP(E41,환율!$A$2255:$B$2292,2,0) -> 1466.5 | H41: 37934.27 | I41: =ROUNDDOWN(H41*G41,0) -> 55630606 | J41: =I41 -> 55630606 | M41: O | N41: O | O41: O | P41: O
B42: DSM2503-10 | C42: 41072-25-500661X | E42: 45743 | F42: - | G42: =VLOOKUP(E42,환율!$A$2255:$B$2292,2,0) -> 1465.3 | H42: 3744 | I42: =ROUNDDOWN(H42*G42,0) -> 5486083 | J42: =I42 -> 5486083 | M42: 금액다름 | N42: O | O42: O | P42: X
B43: DSM2503-11 | C43: 41072-25-500676X | E43: 45743 | F43: - | G43: =VLOOKUP(E43,환율!$A$2255:$B$2292,2,0) -> 1465.3 | H43: 5322.24 | I43: =ROUNDDOWN(H43*G43,0) -> 7798678 | J43: =I43 -> 7798678 | M43: O | N43: O | O43: O | P43: O
... B50: DSM2503-22 | C50: 41649-25-100780X | E50: 45743 | F50: - | G50: =VLOOKUP(E50,환율!$A$2255:$B$2292,2,0) -> 1465.3 | H50: 6947.5 | I50: =ROUNDDOWN(H50*G50,0) -> 10180171 | J50: =I50 -> 10180171 | M50: O | N50: O | O50: O | P50: O
B51: DSM2503-08 | C51: 41072-25-500753X | E51: 45751 | F51: - | G51: 1466.5 | H51: 71361.92 | I51: =ROUNDDOWN(H51*G51,0) -> 104652255 | K51: =I51 -> 104652255 | M51: O | N51: O | O51: O | P51: O
B52: DSM2503-16 | C52: 41072-25-500807X | E52: 45759 | F52: - | G52: 1466.5 | H52: 73046.12 | I52: =ROUNDDOWN(H52*G52,0) -> 107122134 | K52: =I52 -> 107122134
B53: DSM2503-17 | C53: 41072-25-500788X | E53: 45752 | F53: - | G53: 1467 | H53: 3744 | I53: =ROUNDDOWN(H53*G53,0) -> 5492448 | K53: =I53 -> 5492448
B54: DSM2503-19 | C54: 41072-25-500755X | E54: 45751 | F54: - | G54: 1466.5 | H54: 29669.68 | I54: =ROUNDDOWN(H54*G54,0) -> 43510585 | K54: =I54 -> 43510585
B55: DSM2503-20 | C55: 41072-25-500808X | E55: 45751 | F55: - | G55: 1467 | H55: 44667 | I55: =ROUNDDOWN(H55*G55,0) -> 65526489 | K55: =I55 -> 65526489
B56: DSM2503-23 | C56: 41072-25-500809X | E56: 45759 | F56: - | G56: 1466.5 | H56: 10330.12 | I56: =ROUNDDOWN(H56*G56,0) -> 15149120 | K56: =I56 -> 15149120
A57: 소계 | H57: =SUM(H31:H56) -> 818256.42 | I57: =SUM(I31:I56) -> 1195842169 | J57: =SUM(J31:J56) -> 854389138 | K57: =SUM(K31:K56) -> 341453031
A58: Mercury China | B58: DSM2503-MC01 | C58: 41072-25-500568X | E58: 45724 | F58: O | G58: =VLOOKUP(E58,환율!$A$2255:$B$2292,2,0) -> 1441.6 | H58: 124001.16 | I58: =ROUNDDOWN(H58*G58,0) -> 178760072 | J58: =I58 -> 178760072 | M58: O | N58: O | O58: O | P58: O
B59: DSM2503-MC02 | C59: 41072-25-500696X | E59: 45737 | F59: O | G59: =VLOOKUP(E59,환율!$A$2255:$B$2292,2,0) -> 1459.2 | H59: 52668 | I59: =ROUNDDOWN(H59*G59,0) -> 76853145 | J59: =I59 -> 76853145 | M59: O | N59: O | O59: O | P59: O
A60: 소계 | H60: =SUM(H58:H59) -> 176669.16 | I60: =SUM(I58:I59) -> 255613217 | J60: =SUM(J58:J59) -> 255613217 | K60: 0
A61: R&R | B61: DSM2502-R02 | C61: 41072-25-500561X | E61: 45725 | F61: O | G61: =VLOOKUP(E61,환율!$A$1798:$B$3001,2,) -> 1441.6 | I61: 26976301 | J61: =I61 -> 26976301 | M61: ○ | N61: ○ | O61: ○ | P61: ○
B62: DSM2503-R01 | C62: 41072-25-500794X | E62: 45745 | F62: O | G62: =VLOOKUP(E62,환율!$A$1798:$B$3001,2,) -> 1466.8 | I62: 21396593 | J62: =I62 -> 21396593
B63: DSM2503-R02 | C63: 41072-25-500945X | E63: 45748 | F63: - | G63: =VLOOKUP(E63,환율!$A$1798:$B$3001,2,) -> 1470.6 | I63: 57862810 | K63: =I63 -> 57862810
A64: 소계 | H64: =SUM(H61:H61) -> 0 | I64: =SUM(I61:I63) -> 106235704 | J64: =SUM(J61:J63) -> 48372894 | K64: =SUM(K61:K63) -> 57862810
A65: SAM | B65: DSM2503-SM01 | C65: 41129-25-030159X | E65: 45745 | F65: O | G65: =VLOOKUP(E65,환율!$A$2255:$B$2292,2,0) -> 1466.8 | H65: 39476 | I65: =ROUNDDOWN(H65*G65,0) -> 57903396 | J65: =I65 -> 57903396 | M65: ○ | N65: ○ | O65: ○ | P65: X
A66: 소계 | H66: =SUM(H65:H65) -> 39476 | I66: =SUM(I65:I65) -> 57903396 | J66: =J65 -> 57903396 | K66: 0
A67: SEASTAR | B67: DSM2503-SE01 | C67: 41072-25-500695X | E67: 45742 | F67: O | G67: =VLOOKUP(E67,환율!$A$2255:$B$2292,2,0) -> 1469.6 | H67: 11026.5 | I67: =ROUNDDOWN(H67*G67,0) -> 16204544 | J67: =I67 -> 16204544 | M67: O | N67: O | O67: O | P67: O
A68: 소계 | H68: =SUM(H67:H67) -> 11026.5 | I68: =SUM(I67:I67) -> 16204544 | J68: =J67 -> 16204544 | K68: 0
A69: Emerson | B69: DSM2503-EM01 | C69: 41072-25-500520X | E69: 45731 | G69: =VLOOKUP(E69,환율!$A$2255:$B$2292,2,0) -> 1451.9 | H69: 24891 | I69: =ROUNDDOWN(H69*G69,0) -> 36139242 | J69: =I69 -> 36139242 | M69: O | N69: O | O69: O | P69: O
B70: DSM2503-EM02 | C70: 41072-25-500576X | E70: 45731 | G70: =VLOOKUP(E70,환율!$A$2255:$B$2292,2,0) -> 1451.9 | H70: 16594 | I70: =ROUNDDOWN(H70*G70,0) -> 24092828 | J70: =I70 -> 24092828 | M70: O | N70: O | O70: O | P70: O
B71: DSM2503-EM03 | C71: 41072-25-500538X | E71: 45724 | G71: =VLOOKUP(E71,환율!$A$2255:$B$2292,2,0) -> 1441.6 | H71: 3984 | I71: =ROUNDDOWN(H71*G71,0) -> 5743334 | J71: =I71 -> 5743334 | M71: O | N71: 중량다름 | O71: 중량다름 | P71: 중량다름
B72: DSM2503-EM04 | C72: 41072-25-500569X | E72: 45722 | G72: =VLOOKUP(E72,환율!$A$2255:$B$2292,2,0) -> 1456 | H72: 2379.78 | I72: =ROUNDDOWN(H72*G72,0) -> 3464959 | J72: =I72 -> 3464959 | M72: O | N72: O | O72: O | P72: O
B73: DSM2503-EM05 | C73: 41072-25-500598X | E73: 45729 | G73: =VLOOKUP(E73,환율!$A$2255:$B$2292,2,0) -> 1452 | H73: 597.44 | I73: =ROUNDDOWN(H73*G73,0) -> 867482 | J73: =I73 -> 867482 | M73: O | N73: O | O73: O | P73: 중량다름
B74: DSM2503-EM06 | C74: 41072-25-500810X | E74: 45747 | G74: =VLOOKUP(E74,환율!$A$2255:$B$2292,2,0) -> 1466.5 | H74: 1372.03 | I74: =ROUNDDOWN(H74*G74,0) -> 2012081 | J74: =I74 -> 2012081 | M74: O | N74: O | O74: O | P74: O
B75: DSM2503-EM07 | C75: 41072-25-200695X | E75: 45751 | G75: =VLOOKUP(E75,환율!$A$2255:$B$2292,2,0) -> 1467 | H75: 18750.5 | I75: =ROUNDDOWN(H75*G75,0) -> 27506983 | K75: =I75 -> 27506983 | M75: O | N75: O | O75: O | P75: X
A76: 소계 | H76: =SUM(H69:H75) -> 68568.75 | I76: =SUM(I69:I75) -> 99826909 | J76: =SUM(J69:J75) -> 72319926 | K76: =SUM(K69:K75) -> 27506983
A77: AMAT | B77: DSM2502-AM01 | C77: 20576-25-020452X | E77: 45717 | F77: O | G77: =VLOOKUP(E77,환율!$A$2255:$B$2292,2,0) -> 1439.6 | H77: 56899.15 | I77: =ROUNDDOWN(H77*G77,0) -> 81912016 | J77: =I77 -> 81912016 | M77: ○ | N77: ○ | O77: ○ | P77: ○
B78: DSM2503-AM01 | C78: 20576-25-040006X | E78: 45748 | F78: - | G78: =VLOOKUP(E78,환율!$A$2255:$B$2292,2,0) -> 1470.6 | H78: 8868.45 | I78: =ROUNDDOWN(H78*G78,0) -> 13041942 | K78: =I78 -> 13041942 | M78: O | N78: 총중량 다름 | O78: O | P78: O
A79: 소계 | H79: =SUM(H77:H78) -> 65767.6 | I79: =SUM(I77:I78) -> 94953958 | J79: =J77 -> 81912016 | K79: =SUM(K77:K78) -> 13041942
A80: SINKO IND LTD (신코) | B80: DSM2502-SK04 | C80: 4107225500492X | E80: 45717 | F80: O | G80: 9.6182 | H80: 16739960 | I80: =ROUNDDOWN(H80*G80,0) -> 161008283 | J80: =I80 -> 161008283 | M80: ○ | N80: ○ | O80: ○ | P80: ○
B81: DSM2502-SK05 | C81: 4107225500527X | E81: 45717 | F81: O | G81: 9.6182 | H81: 17185490 | I81: =ROUNDDOWN(H81*G81,0) -> 165293479 | J81: =I81 -> 165293479 | M81: ○ | N81: ○ | O81: ○ | P81: ○
B82: DSM2503-SK01 | C82: 41072-25-200537X | E82: 45724 | F82: O | G82: 9.7428 | H82: 15991220 | I82: =ROUNDDOWN(H82*G82,0) -> 155799258 | J82: =I82 -> 155799258
B83: DSM2503-SK02 | C83: 41072-25-500674X | E83: 45732 | F83: O | G83: 9.8164 | H83: 13124360 | I83: =ROUNDDOWN(H83*G83,0) -> 128833967 | J83: =I83 -> 128833967
B84: DSM2503-SK03 | C84: 41072-25-500748X | E84: 45739 | F84: O | G84: 9.8114 | H84: 26757090 | I84: =ROUNDDOWN(H84*G84,0) -> 262524512 | J84: =I84 -> 262524512
B85: DSM2503-SK04 | C85: 41072-25-500802X | E85: 45746 | F85: O | G85: 9.7126 | H85: 17277540 | I85: =ROUNDDOWN(H85*G85,0) -> 167809835 | J85: =I85 -> 167809835
B86: DSM2503-SK05 | C86: 41072-25-500825X | E86: 45753 | F86: - | G86: 10.06 | H86: 13190160 | I86: =ROUNDDOWN(H86*G86,0) -> 132693009 | K86: =I86 -> 132693009
A87: 소계 | H87: =SUM(H80:H86) -> 120265820 | I87: =SUM(I80:I86) -> 1173962343 | J87: =SUM(J80:J86) -> 1041269334 | K87: =SUM(K80:K86) -> 132693009
A88: ATLAS COPCO | B88: DSM2503-AC01 | C88: 41072-25-500787X | E88: 45746 | G88: =VLOOKUP(E88,환율!$A$2255:$B$2292,2,0) -> 1466.8 | H88: 19453.68 | I88: =ROUNDDOWN(H88*G88,0) -> 28534657 | J88: =I88 -> 28534657 | K88: 아트라스콥코 (중국) | M88: O | N88: O | O88: O | P88: X
A89: 소계 | H89: =SUM(H88) -> 19453.68 | I89: =SUM(I88) -> 28534657 | J89: =SUM(J88) -> 28534657
A90: ATLAS COPCO | B90: DSM2503-AT01 | E90: 45726 | G90: =VLOOKUP(E90,환율!$A$2255:$B$2292,2,0) -> 1446.3 | I90: 21526400 | J90: =I90 -> 21526400 | K90: 아트라스콥코 (한국)
A91: ATLAS COPCO | B91: DNV 2634 선급검사비 | E91: 45744 | G91: =VLOOKUP(E91,환율!$A$2255:$B$2292,2,0) -> 1466.8 | I91: 1065000 | J91: =I91 -> 1065000
A92: ATLAS COPCO | B92: LR 2611 선급검사비 | E92: 45744 | G92: =VLOOKUP(E92,환율!$A$2255:$B$2292,2,0) -> 1466.8 | I92: 993800 | J92: =I92 -> 993800
A93: ATLAS COPCO | B93: LR 2607 선급검사비 | E93: 45744 | G93: =VLOOKUP(E93,환율!$A$2255:$B$2292,2,0) -> 1466.8 | I93: 1014200 | J93: =I93 -> 1014200
A94: ATLAS COPCO | B94: LR 2608 선급검사비 | E94: 45744 | G94: =VLOOKUP(E94,환율!$A$2255:$B$2292,2,0) -> 1466.8 | I94: 741300 | J94: =I94 -> 741300
A95: ATLAS COPCO | B95: ABS 2637 선급검사비 | E95: 45744 | G95: =VLOOKUP(E95,환율!$A$2255:$B$2292,2,0) -> 1466.8 | I95: 1830603 | J95: =I95 -> 1830603
A96: ATLAS COPCO | B96: LR2638 선급검사비 | E96: 45744 | G96: =VLOOKUP(E96,환율!$A$2255:$B$2292,2,0) -> 1466.8 | I96: 993800 | J96: =I96 -> 993800
A97: ATLAS COPCO | B97: ABS 2609 선급검사비 | E97: 45744 | G97: =VLOOKUP(E97,환율!$A$2255:$B$2292,2,0) -> 1466.8 | I97: 741300 | J97: =I97 -> 741300
A98: ATLAS COPCO | B98: LR 2619 선급검사비 | E98: 45744 | G98: =VLOOKUP(E98,환율!$A$2255:$B$2292,2,0) -> 1466.8 | I98: 993800 | J98: =I98 -> 993800
A99: 소계 | I99: =SUM(I90:I98) -> 29900203 | J99: =SUM(J90:J98) -> 29900203 | K99: =SUM(K88:K98) -> 0
A100: 당월 => 익월로 이월 | G100: 총계(출하) | H100: 물품대 | I100: =+I102-I101 -> 5118032908 | J100: =J102-J101 -> 5068543901 | K100: =K102-K101 -> 1663459310
A101: 구분 | B101: 이월금액 | C101: 구분 | E101: 이월금액 | H101: Tooling외 | I101: =SUM(I91:I98) -> 8373803 | K101: 0
A102: Allison | B102: =K18 -> 1082833974 | C102: NIKKISO | E102: 0 | H102: 합계 | I102: =SUM(I18,I30,I57,I60,I64,I66,I68,I76,I79,I87,I99)-E109+I89 -> 5126406711 | J102: =H109+I109 -> 5068543901 | K102: =SUM(K18,K30,K57,K60,K64,K66,K68,K76,K79,K87,K99) -> 1663459310
A103: Polaris | B103: =K30 -> 8067561 | C103: SEASTAR | E103: 0 | G103: 구분 | H103: 2월 이월분 | I103: 3월 당월분 | J103: 4월 이월분 | K103: 국외 매출 최종
A104: Mercury | B104: =K57 -> 341453031 | C104: Emerson | E104: =K76 -> 27506983 | G104: 창원공장 | H104: =I80+I81 -> 326301762 | I104: =SUM(I82:I85) -> 714967572 | J104: =K86 -> 132693009 | K104: =SUM(H104:I104) -> 1041269334
A105: Mercury China | B105: 0 | C105: AMAT | E105: =K79 -> 13041942 | G105: 마산1공장 | H105: =J19+SUM(J31:J33)+J61 -> 353787247 | I105: =SUM(J20:J28)+SUM(J34:J50)+SUM(J58:J59)+J67+J62 -> 1152282412 | J105: =SUM(K29)+SUM(K51:K56) -> 349520592 | K105: =SUM(H105:I105) -> 1506069659
A106: NorthStar | B106: 0 | C106: SAM | E106: 0 | G106: 마산2공장 | H106: =I12+I13 -> 1160814700 | I106: =I14+I15 -> 1089820010 | J106: =K16+K17+J63 -> 1082833974 | K106: =SUM(H106:I106) -> 2250634710
A107: R&R | B107: 0 | C107: SHINKO IND LTD | E107: =K87 -> 132693009 | G107: 마산3공장 | H107: =I77 -> 81912016 | I107: =I88+I69+I70+I71+I72+I73+I74+I65 -> 158757979 | J107: =I78+I75 -> 40548925 | K107: =SUM(H107:I107) -> 240669995
A108: 기타 | B108: 0 | G108: 과세매출(국내매출) | H108: 0 | I108: =SUM(I99) -> 29900203 | J108: 0 | K108: =SUM(H108:I108) -> 29900203 | L108: =J109=E109 -> TRUE
B109: 합계 | E109: =SUM(B102:B108,E102:E108) -> 1605596500 | G109: 총계 | H109: =SUM(H104:H108) -> 1922815725 | I109: =SUM(I104:I108) -> 3145728176 | J109: =SUM(J104:J108) -> 1605596500 | K109: =+H109+I109 -> 5068543901 | L109: =I102=I109+H109 -> FALSE
G110: ATLAS COPCO 제외 금액(해외매출) | K110: =K109-K108 -> 5038643698
K111: 3699929100
K112: =K110-K111 -> 1338714598
...

Sheet 25.04 (갑)
N3: 결 재 | O3: 사 원 | P3: 사 원 | Q3: 선 임 | R3: 실 장
A5: ※ 2025년 4월 마감내역 ※
A10: 거래처 | B10: Invoice | C10: 무역보험공사 등록 여부 | D10: 면장번호 | E10: 인보이스 날짜 | F10: BL일자 | H10: 환율 | I10: 금 액
G11: 보험등록여/부 | I11: 외화금액 | J11: 원화환산금액 | K11: 전월 이월, 당월 출하 | L11: 이월 | M11: 주소지 | N11: 면장 | O11: PL | P11: INVOICE | Q11: B/L
A12: Allison | B12: DSM2503-AL03 | C12: O | D12: 41072-25-500779X | F12: 45752 | G12: - | H12: =VLOOKUP(F12,환율!A:B,2,0) -> 1467 | I12: 394087.05 | J12: =ROUNDDOWN(I12*H12,0) -> 578125702 | K12: =J12 -> 578125702
B13: DSM2503-AL04 | C13: O | D13: 41072-25-500827X | F13: 45752 | G13: - | H13: =VLOOKUP(F13,환율!A:B,2,0) -> 1467 | I13: 343198.88 | J13: =ROUNDDOWN(I13*H13,0) -> 503472756 | K13: =J13 -> 503472756
B14: DSM2504-AL01 | C14: O | D14: 41072-25-500972X | F14: 45773 | G14: O | H14: =VLOOKUP(F14,환율!A:B,2,0) -> 1430.2 | I14: 376501.17 | J14: =ROUNDDOWN(I14*H14,0) -> 538471973 | K14: =J14 -> 538471973
B15: DSM2504-AL02 | C15: O | D15: 41072-25-501051X | F15: 45773 | G15: O | H15: =VLOOKUP(F15,환율!A:B,2,0) -> 1430.2 | I15: 382984.31 | J15: =ROUNDDOWN(I15*H15,0) -> 547744160 | K15: =J15 -> 547744160
B16: DSM2504-AL03 | C16: - | D16: 41072-25-501139X | F16: 45782 | G16: O | H16: =VLOOKUP(F16,환율!A:B,2,0) -> 1426.9 | I16: 385566.22 | J16: =ROUNDDOWN(I16*H16,0) -> 550164439 | L16: =J16 -> 550164439
A17: 소계 | I17: =SUM(I12:I16) -> 1882337.6 | J17: =SUM(J12:J16) -> 2717979030 | K17: =SUM(K12:K16) -> 2167814591 | L17: =SUM(L12:L16) -> 550164439
A18: Polaris | B18: 2503P03 | C18: O | D18: 41072-25-500775X | F18: 45751 | G18: - | H18: =VLOOKUP(F18,환율!A:B,2,0) -> 1467 | I18: 5499.36 | J18: =ROUNDDOWN(I18*H18,0) -> 8067561 | K18: =J18 -> 8067561
B19: 2504P01 | C19: O | D19: 41072-25-500846X | F19: 45757 | H19: =VLOOKUP(F19,환율!A:B,2,0) -> 1482.9 | I19: 39725.28 | J19: =ROUNDDOWN(I19*H19,0) -> 58908617 | K19: =J19 -> 58908617
B20: 2504P02 | C20: O | D20: 41072-25-500931X | F20: 45767 | H20: =VLOOKUP(F20,환율!A:B,2,0) -> 1419.9 | I20: 14272.8 | J20: =ROUNDDOWN(I20*H20,0) -> 20265948 | K20: =J20 -> 20265948
B21: 2504P03 | C21: O | D21: 41072-25-500932X | F21: 45763 | H21: =VLOOKUP(F21,환율!A:B,2,0) -> 1423.3 | I21: 71756.64 | J21: =ROUNDDOWN(I21*H21,0) -> 102131225 | K21: =J21 -> 102131225
B22: 2504P04 | C22: O | D22: 41072-25-500933X | F22: 45763 | H22: =VLOOKUP(F22,환율!A:B,2,0) -> 1423.3 | I22: 346.82 | J22: =ROUNDDOWN(I22*H22,0) -> 493628 | K22: =J22 -> 493628
B23: 2504P05 | C23: O | D23: 41072-25-500964X | F23: 45768 | H23: =VLOOKUP(F23,환율!A:B,2,0) -> 1421.5 | I23: 32815.6 | J23: =ROUNDDOWN(I23*H23,0) -> 46647375 | K23: =J23 -> 46647375
